"row ID","molecule_chembl_id","Type_WT","Value_WT","Units_WT","pAct_WT","SMILES"
"Row45","CHEMBL1089524","IC50",1.7,"nM",8.77,"CN(C)CCCC(=O)Nc1ccc2nccc(Nc3cccc(Br)c3)c2c1"
"Row47","CHEMBL1090351","IC50",1.9,"nM",8.72,"O=C(Nc1cccc(-c2nc3sccn3c2-c2ccnc(Nc3ccc(N4CCOCC4)cc3)n2)c1)c1c(F)cccc1F"
"Row53","CHEMBL1090357","IC50",0.78,"nM",9.11,"CN(C)CCc1ccc(Nc2nccc(-c3c(-c4cccc(NC(=O)c5c(F)cccc5F)c4)nc4sccn34)n2)cc1"
"Row54","CHEMBL1090358","IC50",0.96,"nM",9.02,"CCN1CCN(c2ccc(Nc3nccc(-c4c(-c5cccc(NC(=O)c6c(F)cccc6F)c5)nc5sccn45)n3)cc2)CC1"
"Row55","CHEMBL1090359","IC50",2.3,"nM",8.64,"O=C(Nc1cccc(-c2nc3sccn3c2-c2ccnc(Nc3ccc4c(c3)CCNC4)n2)c1)c1c(F)cccc1F"
"Row63","CHEMBL1092250","Kd",0.27,"nM",9.57,"C#Cc1cccc(Nc2ccnc3cc(OC)c(OC)cc23)c1"
"Row114","CHEMBL111038","Kd",2.4,"nM",8.62,"COc1cc2ncc(C#N)c(Nc3cccc(Br)c3)c2cc1OC"
"Row273","CHEMBL1204168","IC50",0.66,"nM",9.18,"COc1cc2ncnc(Nc3cccc(Br)c3)c2cc1OC"
"Row274","CHEMBL1204199","IC50",0.41,"nM",9.39,"CCOc1cc2ncnc(Nc3cccc(Br)c3)c2cc1OCC"
"Row276","CHEMBL1204262","IC50",0.64,"nM",9.19,"CCOc1cc2ncnc(Nc3cccc(I)c3)c2cc1OCC"
"Row277","CHEMBL1204305","IC50",1.05,"nM",8.98,"COc1cc2ncnc(Nc3cccc(I)c3)c2cc1OC"
"Row288","CHEMBL121796","IC50",3,"nM",8.52,"Clc1cccc(Nc2[nH]cnc3nnc(NCc4ccccc4)c2-3)c1"
"Row289","CHEMBL121954","IC50",1,"nM",9,"Oc1cccc(Nc2[nH]nc3ncnc(Nc4cccc(Cl)c4)c23)c1"
"Row473","CHEMBL1243254","IC50",0.57,"nM",9.24,"CCOc1cc2ncc(C#N)c(Nc3ccc(F)c(Cl)c3)c2cc1NC(=O)/C=C/CN(C)Cc1ccc(F)cc1"
"Row474","CHEMBL1243255","IC50",0.25,"nM",9.6,"CCOc1cc2ncc(C#N)c(Nc3ccc(F)c(Cl)c3)c2cc1NC(=O)/C=C/CNC"
"Row475","CHEMBL1243283","IC50",1.81,"nM",8.74,"CCOc1cc2ncc(C#N)c(Nc3ccc(F)c(Cl)c3)c2cc1NC(=O)/C=C/CNCc1cn(CCF)nn1"
"Row476","CHEMBL1243284","IC50",0.29,"nM",9.54,"CNC/C=C/C(=O)Nc1cc2c(Nc3ccc(F)c(Cl)c3)c(C#N)cnc2cc1OCCF"
"Row477","CHEMBL1243316","IC50",0.03,"nM",10.52,"C#CCNC/C=C/C(=O)Nc1cc2c(Nc3ccc(F)c(Cl)c3)c(C#N)cnc2cc1OCC"
"Row478","CHEMBL1243345","IC50",0.8,"nM",9.1,"CCOc1cc2ncc(C#N)c(Nc3ccc(F)c(Cl)c3)c2cc1NC(=O)/C=C/CN(C)CCF"
"Row487","CHEMBL125086","IC50",3,"nM",8.52,"CCOc1cc2ncnc(Nc3cccc(-c4ccco4)c3)c2cc1OCC"
"Row507","CHEMBL126192","IC50",2,"nM",8.7,"CCOc1cc2ncnc(Nc3cccc(-c4nccs4)c3)c2cc1OCC"
"Row508","CHEMBL126372","IC50",0.912,"nM",9.04,"OCC(O)CNc1cc2ncnc(Nc3cccc(Br)c3)c2cn1"
"Row512","CHEMBL126623","IC50",1.9,"nM",8.72,"Brc1cccc(Nc2ncnc3cc(NCCCN4CCOCC4)ncc23)c1"
"Row513","CHEMBL126791","IC50",0.51,"nM",9.29,"Brc1cccc(Nc2ncnc3cc(NCCCn4ccnc4)ncc23)c1"
"Row518","CHEMBL127041","IC50",0.2399,"nM",9.62,"OCCNc1cc2ncnc(Nc3cccc(Br)c3)c2cn1"
"Row519","CHEMBL127058","IC50",1.2,"nM",8.92,"OCCN(CCO)CCCNc1cc2ncnc(Nc3cccc(Br)c3)c2cn1"
"Row521","CHEMBL127082","IC50",1.4,"nM",8.85,"CNc1cc2ncnc(Nc3cccc(C)c3)c2cn1"
"Row522","CHEMBL127086","IC50",0.6026,"nM",9.22,"O=C(O)CCNc1cc2ncnc(Nc3cccc(Br)c3)c2cn1"
"Row540","CHEMBL128467","IC50",1.4,"nM",8.85,"O=S(=O)(O)CCNc1cc2ncnc(Nc3cccc(Br)c3)c2cn1"
"Row541","CHEMBL128468","IC50",0.28,"nM",9.55,"O=C(O)CCCNc1cc2ncnc(Nc3cccc(Br)c3)c2cn1"
"Row573","CHEMBL1336","IC50",2.96,"nM",8.53,"CNC(=O)c1cc(Oc2ccc(NC(=O)Nc3ccc(Cl)c(C(F)(F)F)c3)cc2)ccn1"
"Row575","CHEMBL134371","IC50",0.37,"nM",9.43,"O=C(O)/C=C/C(=O)Nc1ccc2ncnc(Nc3cccc(Br)c3)c2c1"
"Row577","CHEMBL135142","IC50",1.75,"nM",8.76,"O=C(/C=C/C(F)(F)F)Nc1ccc2ncnc(Nc3cccc(Br)c3)c2c1"
"Row584","CHEMBL136058","IC50",0.81,"nM",9.09,"O=C(/C=C/C(=O)Nc1cc2c(Nc3cccc(Br)c3)ncnc2cn1)NCCCN1CCOCC1"
"Row585","CHEMBL136102","IC50",1.45,"nM",8.84,"CN(C)CCCNC(=O)/C=C/C(=O)N(C)c1cc2c(Nc3cccc(Br)c3)ncnc2cn1"
"Row586","CHEMBL136178","IC50",1.2,"nM",8.92,"CC(=O)/C=C/C(=O)Nc1ccc2ncnc(Nc3cccc(Br)c3)c2c1"
"Row588","CHEMBL136404","IC50",0.5,"nM",9.3,"C/C=C/C(=O)Nc1cc2c(Nc3cccc(Br)c3)ncnc2cn1"
"Row591","CHEMBL136511","IC50",1.4,"nM",8.85,"C=CS(=O)(=O)Nc1ccc2ncnc(Nc3cccc(Br)c3)c2c1"
"Row595","CHEMBL137082","IC50",2.7,"nM",8.57,"C=CC(=O)N(CCCN1CCOCC1)c1cc2c(Nc3cccc(Br)c3)ncnc2cn1"
"Row606","CHEMBL138363","IC50",1.6,"nM",8.8,"C=C(C)C(=O)Nc1cc2c(Nc3cccc(Br)c3)ncnc2cn1"
"Row609","CHEMBL138940","IC50",0.6026,"nM",9.22,"O=C(/C=C/C(=O)Nc1cc2c(Nc3ccc(F)c(Cl)c3)ncnc2cn1)NCCCN1CCOCC1"
"Row610","CHEMBL139044","IC50",1.1,"nM",8.96,"C=C/C=C/C(=O)Nc1cc2c(Nc3cccc(Br)c3)ncnc2cn1"
"Row611","CHEMBL139095","IC50",0.7586,"nM",9.12,"C=CS(=O)(=O)Nc1cc2c(Nc3cccc(Br)c3)ncnc2cn1"
"Row614","CHEMBL140561","IC50",2.4,"nM",8.62,"CN(C)CCCOC(=O)/C=C/C(=O)Nc1ccc2ncnc(Nc3cccc(Br)c3)c2c1"
"Row660","CHEMBL151593","IC50",2.7,"nM",8.57,"Nc1cccc2c1sc1c(Nc3cccc(Br)c3)ncnc12"
"Row662","CHEMBL152905","IC50",0.27,"nM",9.57,"Nc1ccc2sc3c(Nc4cccc(Br)c4)ncnc3c2c1"
"Row665","CHEMBL153206","IC50",1.2,"nM",8.92,"COc1ccc2[nH]c3ncnc(Nc4cccc(Br)c4)c3c2c1"
"Row670","CHEMBL153525","IC50",1.24,"nM",8.91,"Brc1cccc(Nc2ncnc3ccc4cc[nH]c4c23)c1"
"Row671","CHEMBL153573","IC50",1,"nM",9,"Nc1cc2sc3c(Nc4cccc(Br)c4)ncnc3c2cc1F"
"Row683","CHEMBL155278","IC50",2.1,"nM",8.68,"Cc1cccc(Nc2ncnc3c2sc2ccc(N)cc23)c1"
"Row709","CHEMBL161895","IC50",1.3,"nM",8.89,"Cc1cccc(Nc2ncnc3cnc(NCCc4c[nH]cn4)cc23)c1"
"Row711","CHEMBL161956","IC50",0.22,"nM",9.66,"CN(CCO)c1cc2c(Nc3cccc(Br)c3)ncnc2cn1"
"Row712","CHEMBL162034","IC50",1.1,"nM",8.96,"CN(C)CCNc1cc2c(Nc3cccc(Br)c3)ncnc2cn1"
"Row714","CHEMBL162142","IC50",0.78,"nM",9.11,"Brc1cccc(Nc2ncnc3cnc(NCCc4c[nH]cn4)cc23)c1"
"Row715","CHEMBL162223","IC50",1.2,"nM",8.92,"Brc1cccc(Nc2ncnc3cnc(NCCc4ccccn4)cc23)c1"
"Row716","CHEMBL162508","IC50",1.8,"nM",8.74,"Cc1cccc(Nc2ncnc3cnc(NCCCN4CCOCC4)cc23)c1"
"Row717","CHEMBL162622","IC50",0.65,"nM",9.19,"Brc1cccc(Nc2ncnc3cnc(NCCN4CCOCC4)cc23)c1"
"Row719","CHEMBL162821","IC50",0.45,"nM",9.35,"CNc1cc2c(Nc3cccc(C)c3)ncnc2cn1"
"Row720","CHEMBL162981","IC50",1.7,"nM",8.77,"Brc1cccc(Nc2ncnc3cnc(NCCCn4ccnc4)cc23)c1"
"Row721","CHEMBL1630107","IC50",2.5,"nM",8.6,"O=C(/C=C/c1ccc(-c2ccc3ncnc(Nc4ccc(OCc5cccc(F)c5)c(Cl)c4)c3c2)o1)NO"
"Row725","CHEMBL1630111","IC50",2.9,"nM",8.54,"Nc1ccccc1NC(=O)c1ccc(-c2ccc3ncnc(Nc4ccc(OCc5cccc(F)c5)c(Cl)c4)c3c2)o1"
"Row726","CHEMBL1630112","IC50",2.8,"nM",8.55,"Nc1ccccc1NC(=O)c1ccc(-c2ccc3ncnc(Nc4ccc(OCc5cccc(F)c5)c(Cl)c4)c3c2)s1"
"Row732","CHEMBL1630118","IC50",2.2,"nM",8.66,"O=C(NO)c1ccc(-c2ccc3ncnc(Nc4ccc(OCc5cccc(F)c5)c(Cl)c4)c3c2)s1"
"Row735","CHEMBL163188","IC50",2.8,"nM",8.55,"Cc1cccc(Nc2ncnc3cnc(N(C)C)cc23)c1"
"Row736","CHEMBL163369","IC50",0.35,"nM",9.46,"OCCN(CCO)CCCNc1cc2c(Nc3cccc(Br)c3)ncnc2cn1"
"Row747","CHEMBL1645462","Kd",3,"nM",8.52,"Cc1c(NC(=O)OC[C@@H]2COCCN2)cn2ncnc(Nc3ccc4c(cnn4Cc4cccc(F)c4)c3)c12"
"Row762","CHEMBL165495","IC50",3.1,"nM",8.51,"Cc1cccc(Nc2ncnc3cnc(N)cc23)c1"
"Row763","CHEMBL165508","IC50",1.5,"nM",8.82,"Brc1cccc(Nc2ncnc3cnc(NCc4cccnc4)cc23)c1"
"Row764","CHEMBL165547","IC50",0.56,"nM",9.25,"CN(CC(O)CO)c1cc2c(Nc3cccc(Br)c3)ncnc2cn1"
"Row765","CHEMBL165574","IC50",1,"nM",9,"Brc1cccc(Nc2ncnc3cnc(NCCCN4CCOCC4)cc23)c1"
"Row766","CHEMBL165630","IC50",0.93,"nM",9.03,"OCCN(CCO)CCNc1cc2c(Nc3cccc(Br)c3)ncnc2cn1"
"Row767","CHEMBL165731","IC50",1.5,"nM",8.82,"Cc1cccc(Nc2ncnc3cnc(NCCN4CCOCC4)cc23)c1"
"Row768","CHEMBL165788","IC50",1.1,"nM",8.96,"CNc1cc2c(Nc3cccc(C(F)(F)F)c3)ncnc2cn1"
"Row769","CHEMBL165864","IC50",0.19,"nM",9.72,"OCCNc1cc2c(Nc3cccc(Br)c3)ncnc2cn1"
"Row770","CHEMBL166093","IC50",0.18,"nM",9.74,"OCC(O)CNc1cc2c(Nc3cccc(Br)c3)ncnc2cn1"
"Row771","CHEMBL166154","IC50",0.19,"nM",9.72,"CNc1cc2c(Nc3cccc(Cl)c3)ncnc2cn1"
"Row772","CHEMBL166255","IC50",1.7,"nM",8.77,"CN(CCO)CCNc1cc2c(Nc3cccc(Br)c3)ncnc2cn1"
"Row774","CHEMBL166358","IC50",1.2,"nM",8.92,"CN(C)CCCNc1cc2c(Nc3cccc(Br)c3)ncnc2cn1"
"Row804","CHEMBL1683967","IC50",3,"nM",8.52,"Cc1ncnc(Nc2ccc(OCc3cccc(F)c3)c(Cl)c2)c1/C=C(\F)C(=O)NCCN1CCCC1"
"Row854","CHEMBL1714813","IC50",1,"nM",9,"COc1cc2ncnc(N[C@H](C)c3ccccc3)c2cc1OC"
"Row866","CHEMBL173498","IC50",1.7,"nM",8.77,"Brc1cccc(Nc2ncnc3cc4nccnc4cc23)c1"
"Row868","CHEMBL174426","IC50",0.025,"nM",10.6,"Cn1cnc2cc3c(Nc4cccc(Br)c4)ncnc3cc21"
"Row891","CHEMBL176582","IC50",0.01,"nM",11,"Cn1cnc2cc3ncnc(Nc4cccc(Br)c4)c3cc21"
"Row895","CHEMBL176891","IC50",1.32,"nM",8.88,"CN(C)CCn1cnc2cc3ncnc(Nc4cccc(Br)c4)c3cc21"
"Row1086","CHEMBL188762","IC50",0.1,"nM",10,"CCC(=O)Nc1ccc2ncnc(Nc3cccc(Br)c3)c2c1"
"Row1087","CHEMBL189779","IC50",0.94,"nM",9.03,"CN(C)C/C=C/C(=O)Nc1ccc2ncnc(Nc3cccc(I)c3)c2c1"
"Row1088","CHEMBL190094","IC50",0.11,"nM",9.96,"CN(C)C/C=C/C(=O)Nc1ccc2ncnc(Nc3cc(Cl)c(Cl)cc3F)c2c1"
"Row1124","CHEMBL1916891","IC50",1.4,"nM",8.85,"Cc1ccccc1Nc1nc2cc(F)c(N(C)C(=O)/C=C/CN(C)C)cc2n2cncc12"
"Row1175","CHEMBL193160","IC50",0.12,"nM",9.92,"O=C(CCl)Nc1ccc2ncnc(Nc3cccc(I)c3)c2c1"
"Row1180","CHEMBL1934623","IC50",3,"nM",8.52,"Cc1ncnc(Nc2ccc(OCc3cccc(F)c3)c(Cl)c2)c1C#Cc1ccc(CNC(C)C)cc1"
"Row1370","CHEMBL2006715","Ki",1.995,"nM",8.7,"O=C(Nc1cccc(-c2nc3sccn3c2-c2ccnc(Nc3cccc(N4CCCC4=O)c3)n2)c1)c1c(F)cccc1F"
"Row1397","CHEMBL2021575","IC50",0.5,"nM",9.3,"O=C(O)[C@@H]1O[C@H]1C(=O)Nc1ccc2ncnc(Nc3cccc(Br)c3)c2c1"
"Row1398","CHEMBL2021576","IC50",0.49,"nM",9.31,"O=C(O)[C@H]1O[C@@H]1C(=O)Nc1ccc2ncnc(Nc3cccc(Br)c3)c2c1"
"Row1401","CHEMBL202360","IC50",1.6,"nM",8.8,"C#CC(=O)Nc1ccc2ncnc(Nc3cccc(Br)c3)c2c1"
"Row1403","CHEMBL202411","IC50",1.4,"nM",8.85,"O=C(C#CCO)Nc1ccc2ncnc(Nc3ccc(F)c(Cl)c3)c2c1"
"Row1407","CHEMBL202556","IC50",3.1,"nM",8.51,"O=C(C#CCN1CCOCC1)Nc1cc2c(Nc3ccc(F)c(Cl)c3)ncnc2cn1"
"Row1426","CHEMBL2031296","IC50",1.01,"nM",9,"CC(=O)Nc1ccc2ncnc(Nc3cccc(Br)c3)c2c1"
"Row1427","CHEMBL2031298","IC50",0.27,"nM",9.57,"O=C(CCN1CCCCC1)Nc1ccc2ncnc(Nc3cccc(Br)c3)c2c1"
"Row1428","CHEMBL2031299","IC50",0.51,"nM",9.29,"O=C(CCN1CCOCC1)Nc1ccc2ncnc(Nc3cccc(Br)c3)c2c1"
"Row1429","CHEMBL2031300","IC50",0.23,"nM",9.64,"CN1CCN(CCC(=O)Nc2ccc3ncnc(Nc4cccc(Br)c4)c3c2)CC1"
"Row1431","CHEMBL2031302","IC50",0.18,"nM",9.74,"C=CC(=O)Nc1cc2c(Nc3ccc(F)c(Cl)c3)ncnc2cc1OCC"
"Row1432","CHEMBL2031303","IC50",0.27,"nM",9.57,"CCOc1cc2ncnc(Nc3ccc(F)c(Cl)c3)c2cc1NC(=O)CCN(C)C"
"Row1433","CHEMBL2031304","IC50",0.51,"nM",9.29,"CCOc1cc2ncnc(Nc3ccc(F)c(Cl)c3)c2cc1NC(=O)CCN1CCCCC1"
"Row1434","CHEMBL2031305","IC50",0.29,"nM",9.54,"CCOc1cc2ncnc(Nc3ccc(F)c(Cl)c3)c2cc1NC(=O)CCN1CCOCC1"
"Row1435","CHEMBL2031306","IC50",1.46,"nM",8.84,"C=CC(=O)Nc1cc2c(Nc3ccc(F)c(Cl)c3)c(C#N)cnc2cc1OCC"
"Row1436","CHEMBL2031307","IC50",0.68,"nM",9.17,"CCOc1cc2ncc(C#N)c(Nc3ccc(F)c(Cl)c3)c2cc1NC(=O)CCN(C)C"
"Row1437","CHEMBL2031308","IC50",2.21,"nM",8.66,"CCOc1cc2ncc(C#N)c(Nc3ccc(F)c(Cl)c3)c2cc1NC(=O)CCN1CCCCC1"
"Row1438","CHEMBL2031309","IC50",2.02,"nM",8.7,"CCOc1cc2ncc(C#N)c(Nc3ccc(F)c(Cl)c3)c2cc1NC(=O)CCN1CCOCC1"
"Row1446","CHEMBL203599","IC50",0.5,"nM",9.3,"CN1CCN(CCC#CC(=O)Nc2cc3c(Nc4ccc(F)c(Cl)c4)ncnc3cn2)CC1"
"Row1447","CHEMBL203644","IC50",0.3,"nM",9.52,"CC#CC(=O)Nc1cc2c(Nc3ccc(F)c(Cl)c3)ncnc2cn1"
"Row1448","CHEMBL203645","IC50",1.7,"nM",8.77,"CCCC#CC(=O)Nc1cc2c(Nc3ccc(F)c(Cl)c3)ncnc2cn1"
"Row1449","CHEMBL203661","IC50",1.3,"nM",8.89,"O=C(C#CCCN1CCOCC1)Nc1cc2c(Nc3ccc(F)c(Cl)c3)ncnc2cn1"
"Row1450","CHEMBL203725","IC50",3,"nM",8.52,"CN1CCC(Oc2cccc3ncnc(Nc4ccc(F)c(Cl)c4)c23)CC1"
"Row1452","CHEMBL204085","IC50",1.7,"nM",8.77,"O=C(C#CCCN1CCOCC1)Nc1ccc2ncnc(Nc3ccc(F)c(Cl)c3)c2c1"
"Row1463","CHEMBL204638","IC50",1.5,"nM",8.82,"O=C(C#CCCN1CCOCC1)Nc1cc2c(Nc3ccc(F)c(Br)c3)ncnc2cn1"
"Row1492","CHEMBL2048795","IC50",2.8,"nM",8.55,"O=C1Cc2cccc(Oc3ccc(Nc4ncnc5ccn(CCO)c45)cc3Cl)c2N1"
"Row1493","CHEMBL2048796","IC50",3,"nM",8.52,"O=C1Cc2c(cccc2Oc2ccc(Nc3ncnc4ccn(CCO)c34)cc2Cl)N1"
"Row1494","CHEMBL2048797","IC50",3.1,"nM",8.51,"OCCn1ccc2ncnc(Nc3ccc(Oc4cccc5[nH]ccc45)c(Cl)c3)c21"
"Row1496","CHEMBL2048903","IC50",1.9,"nM",8.72,"OCCn1ccc2ncnc(Nc3ccc(Oc4cccc5[nH]ncc45)c(Cl)c3)c21"
"Row1499","CHEMBL2048906","IC50",2.9,"nM",8.54,"CC(=O)NCCn1ccc2ncnc(Nc3ccc(Oc4cccc5sncc45)c(Cl)c3)c21"
"Row1504","CHEMBL2048911","IC50",3,"nM",8.52,"O=C(NCCn1ccc2ncnc(Nc3ccc(Oc4cccc5sncc45)c(Cl)c3)c21)[C@@H]1CCCN1"
"Row1505","CHEMBL2048912","IC50",2.6,"nM",8.59,"CC(C)(N)C(=O)NCCn1ccc2ncnc(Nc3ccc(Oc4cccc5sncc45)c(Cl)c3)c21"
"Row1509","CHEMBL205059","IC50",0.9,"nM",9.05,"O=C(C#CCCN1CCCCC1)Nc1cc2c(Nc3ccc(F)c(Cl)c3)ncnc2cn1"
"Row1602","CHEMBL2087358","IC50",2,"nM",8.7,"Clc1cccc(Nc2ncnc3cc4c(cc23)OCCOCCOCCO4)c1"
"Row1604","CHEMBL2087360","IC50",2,"nM",8.7,"Fc1ccc(Nc2ncnc3cc4c(cc23)OCCOCCOCCO4)cc1Cl"
"Row1605","CHEMBL2087361","IC50",2,"nM",8.7,"C#Cc1cccc(Nc2ncnc3cc4c(cc23)OCCOCCOCCO4)c1"
"Row1622","CHEMBL2110732","IC50",1.8,"nM",8.74,"COc1cc2ncnc(Nc3ccc(F)c(Cl)c3)c2cc1NC(=O)/C=C/CN1CCCCC1"
"Row1633","CHEMBL213007","IC50",1,"nM",9,"COc1cc2ncnc(Nc3cc(Cl)ccc3F)c2cc1OC1CCN(S(C)(=O)=O)CC1"
"Row1640","CHEMBL213874","IC50",2,"nM",8.7,"COc1cc2ncnc(Nc3cccc(Cl)c3F)c2cc1OCC1CCN(C)CC1"
"Row1650","CHEMBL214798","IC50",2,"nM",8.7,"COc1cc2ncnc(Nc3cccc(Cl)c3F)c2cc1OC1CCN(C)CC1"
"Row1662","CHEMBL214857","IC50",3,"nM",8.52,"COCCN1CCC(Oc2cc3c(Nc4cccc(Cl)c4F)ncnc3cc2OC)CC1"
"Row1680","CHEMBL215786","IC50",3,"nM",8.52,"COc1cc2ncnc(Nc3ccc(F)c(Cl)c3)c2cc1OCC1CCN(C)CC1"
"Row1691","CHEMBL218677","IC50",2,"nM",8.7,"COc1cc2ncnc(Nc3cccc(Cl)c3F)c2cc1OC1CCN(CC(N)=O)CC1"
"Row1882","CHEMBL2408045","Kd",1,"nM",9,"CNC(=O)CN1CCC(Oc2cc3c(Nc4cccc(Cl)c4F)ncnc3cc2OC)CC1"
"Row1886","CHEMBL2419760","IC50",2,"nM",8.7,"c1ccc(-c2cccc(Nc3ncnc4cc5c(cc34)OCO5)c2)cc1"
"Row1917","CHEMBL2425735","IC50",0.63,"nM",9.2,"O=C(CCCN1CCCCC1)Nc1ccc2ncnc(Nc3cccc(Br)c3)c2c1"
"Row1918","CHEMBL2425736","IC50",0.41,"nM",9.39,"Brc1cccc(Nc2ncnc3ccc(NCCCN4CCCCC4)cc23)c1"
"Row1965","CHEMBL2441568","IC50",1.29,"nM",8.89,"Fc1ccc(Nc2ncnc3cc4c(cc23)NCCO4)cc1Cl"
"Row1974","CHEMBL2447950","IC50",0.38,"nM",9.42,"CCOc1cc2ncnc(Nc3cccc(Cl)c3)c2cc1OCC"
"Row2035","CHEMBL248393","Ki",3,"nM",8.52,"COc1cc2c(N[C@@H]3C[C@H]3c3ccccc3)c(C#N)cnc2cc1OCCCN1CCN(C)CC1"
"Row2049","CHEMBL250130","IC50",3,"nM",8.52,"C[C@H](COc1cccc2ncnc(Nc3ccc(OCc4ccccn4)c(Cl)c3)c12)N(C)C(=O)CO"
"Row2050","CHEMBL250132","IC50",2,"nM",8.7,"C[C@H](CN(C)C(=O)CO)Oc1cccc2ncnc(Nc3ccc(OCc4ccccn4)c(Cl)c3)c12"
"Row2060","CHEMBL251125","IC50",1.8,"nM",8.74,"CCOc1cc2ncnc(C#Cc3c[nH]nc3-c3ccc(F)cc3)c2cc1OCC"
"Row2090","CHEMBL257411","Ki",1.6,"nM",8.8,"C[C@@H](Oc1cccc2ncnc(Nc3ccc4c(cnn4Cc4nccs4)c3)c12)C(=O)N1CCOCC1"
"Row2101","CHEMBL258270","IC50",3,"nM",8.52,"CC(=O)N1CCN(CCOc2n[nH]c3ncnc(Nc4ccc(OCc5ccccn5)c(Cl)c4)c23)CC1"
"Row2105","CHEMBL258940","IC50",3,"nM",8.52,"CN1CCC(Nc2ncc3ncnc(Nc4ccc(F)c(Cl)c4)c3n2)CC1"
"Row2112","CHEMBL264382","IC50",1.1,"nM",8.96,"Cc1cc(C(=O)NCCN2CCOCC2)[nH]c1/C=C1\C(=O)Nc2ncnc(Nc3ccc4c(ccn4Cc4ccccc4)c3)c21"
"Row2122","CHEMBL270695","IC50",0.9333,"nM",9.03,"OCC(O)CNc1c(Br)cccc1Nc1ncnc2ccncc12"
"Row2123","CHEMBL270696","IC50",0.2455,"nM",9.61,"OCCNc1c(Br)cccc1Nc1ncnc2ccncc12"
"Row2126","CHEMBL270895","IC50",1.413,"nM",8.85,"O=S(=O)(O)CCNc1c(Br)cccc1Nc1ncnc2ccncc12"
"Row2132","CHEMBL271122","IC50",0.2818,"nM",9.55,"O=C(O)CCCNc1c(Br)cccc1Nc1ncnc2ccncc12"
"Row2133","CHEMBL271328","IC50",2.344,"nM",8.63,"Brc1cccc(Nc2ncnc3cnc(NCCn4ccnc4)nc23)c1"
"Row2134","CHEMBL271334","IC50",1.905,"nM",8.72,"Brc1cccc(Nc2ncnc3ccncc23)c1NCCCN1CCOCC1"
"Row2142","CHEMBL271705","IC50",1,"nM",9,"Clc1cc(Nc2ncnc3[nH]nc(OCCN4CCOCC4)c23)ccc1OCc1ccccn1"
"Row2143","CHEMBL272187","IC50",0.912,"nM",9.04,"Brc1cccc(Nc2ncnc3ccncc23)c1NCCc1c[nH]cn1"
"Row2147","CHEMBL272865","IC50",0.5129,"nM",9.29,"Brc1cccc(Nc2ncnc3ccncc23)c1NCCCn1ccnc1"
"Row2153","CHEMBL275762","IC50",0.07,"nM",10.15,"O=C(CCl)Nc1ccc2ncnc(Nc3cc(Cl)c(Cl)cc3F)c2c1"
"Row2155","CHEMBL27685","IC50",1.8,"nM",8.74,"C=CC(=O)Nc1cc2c(Nc3ccc(F)c(Br)c3)ncnc2cc1OCCCN1CCOCC1"
"Row2156","CHEMBL27688","IC50",1.5,"nM",8.82,"C=CC(=O)Nc1cc2c(Nc3cccc(C)c3)ncnc2cc1OCCCN1CCOCC1"
"Row2165","CHEMBL280757","IC50",0.69,"nM",9.16,"C=CC(=O)Nc1ccc2ncnc(Nc3ccc(F)c(Br)c3)c2c1"
"Row2169","CHEMBL281543","IC50",2.7,"nM",8.57,"C=CC(=O)Nc1nc2c(Nc3ccc(F)c(Cl)c3)ncnc2cc1CCCCN1CCOCC1"
"Row2175","CHEMBL28418","IC50",0.75,"nM",9.12,"C=CC(=O)Nc1ccc2ncnc(Nc3ccc(F)c(Cl)c3)c2n1"
"Row2178","CHEMBL286343","IC50",3,"nM",8.52,"C=CC(=O)Nc1cc2c(Nc3cccc(Br)c3)ncnc2cc1OCCCn1ccnc1"
"Row2179","CHEMBL287007","IC50",2.57,"nM",8.59,"CN(C)Cc1c[nH]c2cc3ncnc(Nc4cccc(Br)c4)c3cc12"
"Row2184","CHEMBL289213","IC50",0.72,"nM",9.14,"CN(CC(=O)O)Cc1c[nH]c2cc3ncnc(Nc4cccc(Br)c4)c3cc12"
"Row2195","CHEMBL29197","IC50",0.025,"nM",10.6,"COc1cc2ncnc(Nc3cccc(Br)c3)c2cc1OC"
"Row2212","CHEMBL294475","IC50",0.81,"nM",9.09,"Brc1cccc(Nc2ncnc3cnc(NCCN4CCOCC4)nc23)c1"
"Row2214","CHEMBL296168","IC50",1.1,"nM",8.96,"C=CC(=O)Nc1ccc2ncnc(Nc3cccc(Br)c3)c2n1"
"Row2220","CHEMBL297968","IC50",1.6,"nM",8.8,"C=CC(=O)Nc1ccc2c(Nc3cccc(C)c3)ncnc2c1"
"Row2226","CHEMBL299622","IC50",0.76,"nM",9.12,"CNc1ncc2ncnc(Nc3cccc(Br)c3)c2n1"
"Row2230","CHEMBL299881","IC50",2.3,"nM",8.64,"Cc1cccc(Nc2ncnc3cnc(NCCN4CCOCC4)nc23)c1"
"Row2236","CHEMBL301018","IC50",1,"nM",9,"COc1cc2ncnc(Nc3ccc(F)c(Cl)c3)c2cc1OC"
"Row2246","CHEMBL3040566","IC50",2.71,"nM",8.57,"NS(=O)(=O)CCNCc1ccc(-c2ccc3ncnc(Nc4ccc(OCc5cccc(F)c5)c(Cl)c4)c3c2)o1"
"Row2249","CHEMBL3040861","IC50",2,"nM",8.7,"c1ccc(-c2cccc(Nc3ncnc4cc5c(cc34)OCO5)c2)cc1"
"Row2251","CHEMBL304271","IC50",0.45,"nM",9.35,"CCN(CC)CC(O)CNC(=O)c1cc(C)c(/C=C2\C(=O)Nc3ncnc(Nc4ccc(F)c(Cl)c4)c32)[nH]1"
"Row2252","CHEMBL30432","IC50",1,"nM",9,"CN(C)c1cc2c(Nc3ccc4c(cnn4Cc4ccccc4)c3)ncnc2cn1"
"Row2254","CHEMBL304929","Kd",0.55,"nM",9.26,"C#Cc1cccc(Nc2ncnc3cc(OC)c(OC)cc23)c1"
"Row2257","CHEMBL305246","IC50",2.8,"nM",8.55,"Cc1cc(C(=O)N2CCN(C)CC2)[nH]c1/C=C1\C(=O)Nc2ncnc(Nc3ccc(F)c(Cl)c3)c21"
"Row2275","CHEMBL308498","IC50",1,"nM",9,"CC(C)(CO)NCc1ccc(-c2cc3ncnc(Nc4ccc5[nH]ccc5c4)c3s2)cc1"
"Row2279","CHEMBL3085376","IC50",3,"nM",8.52,"CCN(CC)[C@@](C)(C#Cc1ncnc2cc(OC)c(OC)cc12)Cc1ccccc1"
"Row2347","CHEMBL310740","IC50",2,"nM",8.7,"OCCNCc1ccc(-c2cc3nccc(Nc4ccc5[nH]ccc5c4)c3s2)cc1"
"Row2350","CHEMBL310853","IC50",1,"nM",9,"c1csc(-c2cc3nccc(Nc4ccc5[nH]ccc5c4)c3s2)c1"
"Row2361","CHEMBL3114690","IC50",3,"nM",8.52,"C#Cc1cccc(Nc2ncnc3cc4c(cc23)N(C(=O)/C=C/CN(C)C)CCO4)c1"
"Row2363","CHEMBL3114700","IC50",3,"nM",8.52,"C#Cc1cccc(Nc2ncnc3cc4c(cc23)N(C(=O)/C=C/CN2CCCC2)CCO4)c1"
"Row2369","CHEMBL312753","IC50",1,"nM",9,"OCc1ccc(-c2cc3ncnc(Nc4ccc5[nH]ccc5c4)c3s2)cc1"
"Row2370","CHEMBL31276","IC50",1.9,"nM",8.72,"CN(C)C/C=C/C(=O)Nc1cc2c(Nc3cccc(Br)c3)c(C#N)cnc2cn1"
"Row2371","CHEMBL312818","IC50",1,"nM",9,"c1ccc(CCCN(c2cc3ncnc(Nc4ccc5[nH]ccc5c4)c3s2)n2ccnc2)cc1"
"Row2372","CHEMBL31326","IC50",0.78,"nM",9.11,"C=CC(=O)Nc1cc2c(Nc3cccc(Br)c3)ncnc2cc1SCCCN(CC)CC"
"Row2387","CHEMBL3133904","IC50",1.5,"nM",8.82,"C=CC(=O)Nc1ccc2ncnc(Nc3cccc(C)c3F)c2c1"
"Row2395","CHEMBL31373","IC50",0.75,"nM",9.12,"C=CC(=O)Nc1ccc2ncnc(Nc3ccc(F)c(Cl)c3)c2c1"
"Row2398","CHEMBL31570","IC50",0.97,"nM",9.01,"C=CC(=O)Nc1nc2c(Nc3ccc(F)c(Cl)c3)ncnc2cc1OCCOC"
"Row2400","CHEMBL316064","IC50",0.24,"nM",9.62,"COc1cc2ncnc(Nc3cccc(C(F)(F)F)c3)c2cc1OC"
"Row2402","CHEMBL31622","IC50",2,"nM",8.7,"C=CC(=O)Nc1cc2c(Nc3cccc(C)c3)ncnc2cc1OCCCN1CCN(C)CC1"
"Row2404","CHEMBL31656","IC50",1.5,"nM",8.82,"C=CC(=O)Nc1nc2c(Nc3ccc(F)c(Cl)c3)ncnc2cc1OCCCN1CCOCC1"
"Row2407","CHEMBL317925","IC50",0.67,"nM",9.17,"COc1cc2ncnc(Nc3cccc(Br)c3)c2c(OC)c1OC"
"Row2408","CHEMBL31815","IC50",0.42,"nM",9.38,"C=CC(=O)Nc1ccc2ncnc(Nc3cccc(C)c3)c2c1"
"Row2409","CHEMBL31816","IC50",0.95,"nM",9.02,"C=CC(=O)Nc1nc2c(Nc3ccc(F)c(Cl)c3)ncnc2cc1OC"
"Row2417","CHEMBL32079","IC50",1.7,"nM",8.77,"C=CC(=O)Nc1cc2c(Nc3ccc(F)c(Cl)c3)ncnc2cc1OCCOCCCCO"
"Row2548","CHEMBL327307","IC50",0.072,"nM",10.14,"COc1cc2ncnc(Nc3ccc(Br)c(Br)c3)c2cc1OC"
"Row2551","CHEMBL328106","IC50",0.07244,"nM",10.14,"COc1cc2ncnc(Nc3ccc(Br)cc3)c2cc1OC"
"Row2552","CHEMBL328216","IC50",0.12,"nM",9.92,"Nc1cc2ncnc(Nc3cccc(Br)c3)c2cc1N"
"Row2557","CHEMBL32844","IC50",1.7,"nM",8.77,"C=CC(=O)Nc1cc2c(Nc3cccc(Br)c3)ncnc2cc1OCCCN1CCN(C)CC1"
"Row2562","CHEMBL328955","IC50",0.25,"nM",9.6,"Nc1ccc2c(Nc3cccc(Cl)c3)ncnc2c1"
"Row2619","CHEMBL332906","IC50",2,"nM",8.7,"Nc1ccc(-c2[nH]nc3ncnc(Nc4cccc(Cl)c4)c23)cc1"
"Row2655","CHEMBL334697","IC50",0.17,"nM",9.77,"C=CC(=O)N(C)c1cc2c(Nc3cccc(Br)c3)ncnc2cn1"
"Row2659","CHEMBL334801","IC50",1.1,"nM",8.96,"CN(C)CCCNC(=O)/C=C/C(=O)Nc1cc2c(Nc3cccc(Br)c3)ncnc2cn1"
"Row2663","CHEMBL3352869","IC50",1.3,"nM",8.89,"COc1cc2ncnc(Nc3ccc(OCc4cccc(F)c4)c(Cl)c3)c2cc1NC(=O)/C(F)=C\CN(C)C"
"Row2664","CHEMBL3352899","IC50",0.78,"nM",9.11,"COc1cc2c(Nc3cccc(Br)c3)ncnc2cc1OCCCCCCn1ccnc1[N+](=O)[O-]"
"Row2678","CHEMBL3355873","IC50",3.05,"nM",8.52,"COc1cc2ncnc(Nc3ccc(F)c(Cl)c3)c2cc1OCCn1ccnc1[N+](=O)[O-]"
"Row2679","CHEMBL3355874","IC50",0.89,"nM",9.05,"COc1cc2ncnc(Nc3ccc(F)c(Cl)c3)c2cc1OCCCn1ccnc1[N+](=O)[O-]"
"Row2680","CHEMBL3355875","IC50",0.47,"nM",9.33,"COc1cc2ncnc(Nc3ccc(F)c(Cl)c3)c2cc1OCCCCn1ccnc1[N+](=O)[O-]"
"Row2681","CHEMBL3355876","IC50",0.51,"nM",9.29,"COc1cc2ncnc(Nc3ccc(F)c(Cl)c3)c2cc1OCCCCCn1ccnc1[N+](=O)[O-]"
"Row2682","CHEMBL3355877","IC50",0.32,"nM",9.49,"COc1cc2ncnc(Nc3ccc(F)c(Cl)c3)c2cc1OCCCCCCn1ccnc1[N+](=O)[O-]"
"Row2683","CHEMBL3355878","IC50",0.66,"nM",9.18,"COc1cc2ncnc(Nc3cccc(Br)c3)c2cc1OCCCn1ccnc1[N+](=O)[O-]"
"Row2684","CHEMBL3355879","IC50",1.08,"nM",8.97,"C#Cc1cccc(Nc2ncnc3cc(OC)c(OCCCn4ccnc4[N+](=O)[O-])cc23)c1"
"Row2685","CHEMBL3355880","IC50",0.56,"nM",9.25,"C#Cc1cccc(Nc2ncnc3cc(OC)c(OCCCCn4ccnc4[N+](=O)[O-])cc23)c1"
"Row2686","CHEMBL3355881","IC50",0.49,"nM",9.31,"C#Cc1cccc(Nc2ncnc3cc(OC)c(OCCCCCn4ccnc4[N+](=O)[O-])cc23)c1"
"Row2687","CHEMBL3355882","IC50",0.5,"nM",9.3,"C#Cc1cccc(Nc2ncnc3cc(OC)c(OCCCCCCn4ccnc4[N+](=O)[O-])cc23)c1"
"Row2694","CHEMBL3355889","IC50",0.53,"nM",9.28,"COc1cc2ncnc(Nc3ccc(F)c(Cl)c3)c2cc1OCCCCn1c([N+](=O)[O-])cnc1C"
"Row2695","CHEMBL3355890","IC50",1.18,"nM",8.93,"COc1cc2ncnc(Nc3cccc(Br)c3)c2cc1OCCCn1c([N+](=O)[O-])cnc1C"
"Row2698","CHEMBL3357636","IC50",0.67,"nM",9.17,"COc1cc2ncnc(Nc3ccc(F)c(Cl)c3)c2cc1NC(=O)/C(F)=C\CN1CCCCC1"
"Row2699","CHEMBL3357638","IC50",0.89,"nM",9.05,"CCOc1cc2ncnc(Nc3ccc(OCc4ccccn4)c(Cl)c3)c2cc1NC(=O)/C(F)=C\CN(C)C"
"Row2700","CHEMBL3357644","IC50",0.3,"nM",9.52,"COc1cc2ncnc(Nc3ccc(F)c(Cl)c3)c2cc1NC(=O)/C(F)=C\CN1CCOCC1"
"Row2701","CHEMBL3357646","IC50",2.55,"nM",8.59,"O=C(Nc1cc2c(Nc3ccc(F)c(Cl)c3)ncnc2cc1O[C@H]1CCOC1)/C(F)=C\CN1CCCCC1"
"Row2709","CHEMBL3360602","IC50",0.77,"nM",9.11,"COc1cc2c(Nc3ccc(F)c(Cl)c3)ncnc2cc1OCCCn1ccnc1[N+](=O)[O-]"
"Row2710","CHEMBL3360603","IC50",0.31,"nM",9.51,"COc1cc2c(Nc3ccc(F)c(Cl)c3)ncnc2cc1OCCCCn1ccnc1[N+](=O)[O-]"
"Row2711","CHEMBL3360604","IC50",0.52,"nM",9.28,"COc1cc2c(Nc3ccc(F)c(Cl)c3)ncnc2cc1OCCCCCn1ccnc1[N+](=O)[O-]"
"Row2712","CHEMBL3360605","IC50",1.44,"nM",8.84,"COc1cc2c(Nc3ccc(F)c(Cl)c3)ncnc2cc1OCCCCCCn1ccnc1[N+](=O)[O-]"
"Row2713","CHEMBL3360606","IC50",0.32,"nM",9.49,"COc1cc2c(Nc3ccc(F)c(Cl)c3)ncnc2cc1OCCOCCn1ccnc1[N+](=O)[O-]"
"Row2714","CHEMBL3360607","IC50",0.65,"nM",9.19,"C#Cc1cccc(Nc2ncnc3cc(OCCCn4ccnc4[N+](=O)[O-])c(OC)cc23)c1"
"Row2715","CHEMBL3360608","IC50",0.26,"nM",9.59,"C#Cc1cccc(Nc2ncnc3cc(OCCCCn4ccnc4[N+](=O)[O-])c(OC)cc23)c1"
"Row2716","CHEMBL3360609","IC50",0.47,"nM",9.33,"C#Cc1cccc(Nc2ncnc3cc(OCCCCCn4ccnc4[N+](=O)[O-])c(OC)cc23)c1"
"Row2717","CHEMBL3360610","IC50",0.57,"nM",9.24,"C#Cc1cccc(Nc2ncnc3cc(OCCCCCCn4ccnc4[N+](=O)[O-])c(OC)cc23)c1"
"Row2718","CHEMBL3360611","IC50",0.54,"nM",9.27,"C#Cc1cccc(Nc2ncnc3cc(OCCOCCn4ccnc4[N+](=O)[O-])c(OC)cc23)c1"
"Row2724","CHEMBL3360617","IC50",0.49,"nM",9.31,"COc1cc2c(Nc3cccc(Br)c3)ncnc2cc1OCCCn1ccnc1[N+](=O)[O-]"
"Row2725","CHEMBL3360618","IC50",0.37,"nM",9.43,"COc1cc2c(Nc3cccc(Br)c3)ncnc2cc1OCCCCn1ccnc1[N+](=O)[O-]"
"Row2726","CHEMBL3360619","IC50",0.33,"nM",9.48,"COc1cc2c(Nc3cccc(Br)c3)ncnc2cc1OCCCCCn1ccnc1[N+](=O)[O-]"
"Row2727","CHEMBL3360620","IC50",0.82,"nM",9.09,"COc1cc2c(Nc3cccc(Br)c3)ncnc2cc1OCCOCCn1ccnc1[N+](=O)[O-]"
"Row2732","CHEMBL336264","IC50",0.4266,"nM",9.37,"C=CS(=O)(=O)c1cc2c(Nc3cccc(Br)c3)ncnc2cn1"
"Row2740","CHEMBL338114","IC50",0.91,"nM",9.04,"Brc1cccc(Nc2ncnc3cc(NCCc4c[nH]cn4)ncc23)c1"
"Row2742","CHEMBL338175","IC50",1.5,"nM",8.82,"O=C(O)CNc1cc2ncnc(Nc3cccc(Br)c3)c2cn1"
"Row2751","CHEMBL339416","IC50",0.74,"nM",9.13,"[O-][N+]1(CCCNc2cc3ncnc(Nc4cccc(Br)c4)c3cn2)CCOCC1"
"Row2776","CHEMBL341319","IC50",2.57,"nM",8.59,"CN(CCO)c1cc2ncnc(Nc3cccc(Br)c3)c2cn1"
"Row2787","CHEMBL3416592","IC50",1,"nM",9,"COc1ccccc1-c1cc2c(N[C@H](CO)c3ccccc3)ncnc2s1"
"Row2824","CHEMBL342828","IC50",0.56,"nM",9.25,"O=C(/C=C/C(=O)Nc1cc2c(Nc3cccc(Br)c3)ncnc2cn1)NCCCn1ccnc1"
"Row2834","CHEMBL343722","IC50",1.6,"nM",8.8,"C=C=CC(=O)Nc1ccc2ncnc(Nc3cccc(Br)c3)c2c1"
"Row2836","CHEMBL344177","IC50",0.69,"nM",9.16,"O=C(/C=C/Cl)Nc1cc2c(Nc3cccc(Br)c3)ncnc2cn1"
"Row2837","CHEMBL344486","IC50",2.7,"nM",8.57,"CCOC(=O)/C=C/C(=O)Nc1ccc2ncnc(Nc3cccc(Br)c3)c2c1"
"Row2841","CHEMBL345109","IC50",0.44,"nM",9.36,"CN(C)CCCNC(=O)/C=C/C(=O)Nc1ccc2ncnc(Nc3cccc(Br)c3)c2c1"
"Row2864","CHEMBL349070","IC50",1.8,"nM",8.74,"CN(C)CCCCNc1cc2c(Nc3cccc(Br)c3)ncnc2cn1"
"Row2865","CHEMBL351629","IC50",0.44,"nM",9.36,"CN(CC(=O)O)c1cc2c(Nc3cccc(Br)c3)ncnc2cn1"
"Row2882","CHEMBL3544983","IC50",0.3,"nM",9.52,"COc1cc2c(Nc3ccc(Cl)c(Cl)c3F)ncnc2cc1OC[C@@H]1C[C@@H]2CN(C)C[C@@H]2C1"
"Row2885","CHEMBL3545252","Kd",0.82,"nM",9.09,"CC(=O)O[C@@]12CO[C@@H]1C[C@H](O)[C@@]1(C)C(=O)[C@H](O)C3=C(C)[C@@H](OC(=O)[C@H](O)[C@@H](NC(=O)OC(C)(C)C)c4ccccc4)C[C@@](O)([C@@H](OC(=O)c4ccccc4)[C@H]21)C3(C)C"
"Row2897","CHEMBL355816","IC50",0.28,"nM",9.55,"O=C(O)CNc1cc2c(Nc3cccc(Br)c3)ncnc2cn1"
"Row2903","CHEMBL356850","IC50",1.8,"nM",8.74,"Brc1cccc(Nc2ncnc3c2sc2ccccc23)c1"
"Row2910","CHEMBL35820","IC50",0.006,"nM",11.22,"CCOc1cc2ncnc(Nc3cccc(Br)c3)c2cc1OCC"
"Row2922","CHEMBL358934","IC50",1.1,"nM",8.96,"CNc1ccc2sc3c(Nc4cccc(Br)c4)ncnc3c2c1"
"Row2972","CHEMBL3613702","IC50",0.037,"nM",10.43,"C=CC(=O)Nc1ccc2ncnc(Nc3cc(F)c(Cl)c(Cl)c3)c2c1"
"Row2977","CHEMBL3622617","IC50",1.8,"nM",8.74,"C#Cc1cccc(Nc2ncnc3cc(OCCOC)c(NC(=O)C=C)cc23)c1"
"Row2989","CHEMBL3622632","IC50",1.2,"nM",8.92,"C#Cc1cccc(Nc2ncnc3cc(OCCOC)c(NC(=O)/C=C/CN(C)C)cc23)c1"
"Row2995","CHEMBL3622639","IC50",1.2,"nM",8.92,"COCCOc1cc2ncnc(Nc3ccc(F)c(Cl)c3)c2cc1NC(=O)/C=C/CN(C)C"
"Row2996","CHEMBL3622640","IC50",3,"nM",8.52,"COCCOc1cc2ncnc(Nc3ccc(Br)cc3F)c2cc1NC(=O)/C=C/CN(C)C"
"Row3001","CHEMBL3622645","IC50",1.2,"nM",8.92,"C#Cc1cccc(Nc2ncnc3cc(O[C@H]4CCOC4)c(NC(=O)/C=C/CN(C)C)cc23)c1"
"Row3006","CHEMBL3622651","IC50",2.1,"nM",8.68,"COCCOc1cc2ncnc(Nc3ccc(F)c(Cl)c3)c2cc1NC(=O)/C=C/CN1CCCCC1"
"Row3013","CHEMBL3622664","IC50",0.9,"nM",9.05,"CCOc1cc2ncnc(Nc3ccc(F)c(Cl)c3)c2cc1NC(=O)/C=C/CNC1CC1"
"Row3014","CHEMBL3622665","IC50",2.1,"nM",8.68,"COc1cc2ncnc(Nc3ccc(F)c(Cl)c3)c2cc1NC(=O)/C=C/CNC1CC1"
"Row3021","CHEMBL3622672","IC50",2.7,"nM",8.57,"C#Cc1cccc(Nc2ncnc3cc(OC)c(NC(=O)/C=C/CN4CCCCC4)cc23)c1"
"Row3024","CHEMBL3622675","IC50",2.4,"nM",8.62,"C#Cc1cccc(Nc2ncnc3cc(OCC)c(NC(=O)/C=C/CN(C)C4CC4)cc23)c1"
"Row3030","CHEMBL3623279","IC50",1.5,"nM",8.82,"COc1cc2ncnc(Nc3cccc(Cl)c3F)c2cc1N1CCOCC1"
"Row3034","CHEMBL3623283","IC50",1.5,"nM",8.82,"COc1cc2ncnc(Nc3ccc(F)c(Cl)c3)c2cc1N1CCOCC1"
"Row3035","CHEMBL3623284","IC50",1.1,"nM",8.96,"COc1cc2ncnc(Nc3cccc(Cl)c3F)c2cc1OC(=O)N1CC[C@@H](N(C)C)C1"
"Row3036","CHEMBL3623285","IC50",2.7,"nM",8.57,"COc1cc2ncnc(Nc3cccc(Cl)c3F)c2cc1OC(=O)N1CC[C@H](N(C)C)C1"
"Row3037","CHEMBL3623286","IC50",2.3,"nM",8.64,"COc1cc2ncnc(Nc3cccc(Cl)c3F)c2cc1OC(=O)N1C[C@@H]2C[C@H]1CN2C"
"Row3041","CHEMBL3623290","IC50",0.2,"nM",9.7,"COc1cc2ncnc(Nc3cccc(Cl)c3F)c2cc1OC(=O)N1CCN(C)C[C@H]1C"
"Row3060","CHEMBL3633928","IC50",2.03,"nM",8.69,"NC(=O)Nc1ccc2ncnc(Nc3ccc(OCc4cccc(F)c4)c(Cl)c3)c2c1"
"Row3061","CHEMBL3633929","IC50",3,"nM",8.52,"CC(=O)Nc1ccc2ncnc(Nc3ccc(OCc4ccccn4)c(Cl)c3)c2c1"
"Row3074","CHEMBL363815","IC50",0.037,"nM",10.43,"C=CC(=O)Nc1ccc2ncnc(Nc3cc(Cl)c(Cl)cc3F)c2c1"
"Row3080","CHEMBL3647418","IC50",3,"nM",8.52,"CCOc1cc2ncc(C#N)c(Nc3ccc(OCc4ccccn4)c(Cl)c3)c2cc1NC(=O)/C=C/[C@@H]1CCCN1"
"Row3083","CHEMBL3647421","IC50",2,"nM",8.7,"CCOc1cc2ncnc(Nc3ccc(F)c(Cl)c3)c2cc1NC(=O)/C=C/[C@@H]1CCCN1C"
"Row3084","CHEMBL3647422","IC50",2,"nM",8.7,"COCCOc1cc2ncnc(Nc3ccc(F)c(Cl)c3)c2cc1NC(=O)/C=C/[C@H]1CCCN1C"
"Row3085","CHEMBL3647423","IC50",2,"nM",8.7,"CCOc1cc2ncnc(Nc3ccc(F)c(Cl)c3)c2cc1NC(=O)/C=C/[C@H]1CCCN1C"
"Row3086","CHEMBL3647964","IC50",1.2,"nM",8.92,"C=CC(=O)N1CCC[C@H](n2nc(-c3ccc(Oc4ccccc4)cc3)c3c(N)ncnc32)C1"
"Row3091","CHEMBL3655336","IC50",1,"nM",9,"O=C(/C=C/CN1CCCOCC1)N1CCc2c(sc3ncnc(Nc4ccc(F)c(Cl)c4)c23)C1"
"Row3092","CHEMBL3655337","IC50",1.1,"nM",8.96,"O=C(/C=C/CN1C2CCC1CC2)N1CCc2c(sc3ncnc(Nc4ccc(F)c(Cl)c4)c23)C1"
"Row3093","CHEMBL3655338","IC50",1,"nM",9,"CC(C)(CN1CCOCC1)NC/C=C/C(=O)N1CCc2c(sc3ncnc(Nc4ccc(F)c(Cl)c4)c23)C1"
"Row3094","CHEMBL3655339","IC50",2,"nM",8.7,"O=C(/C=C/[C@@H]1CCCN1)N1CCc2c(sc3ncnc(Nc4ccc(F)c(Cl)c4)c23)C1"
"Row3095","CHEMBL3655340","IC50",1,"nM",9,"CN1CCC[C@H]1/C=C/C(=O)N1CCc2c(sc3ncnc(Nc4ccc(F)c(Cl)c4)c23)C1"
"Row3096","CHEMBL3655341","IC50",1,"nM",9,"COCCN(C/C=C/C(=O)N1CCc2c(sc3ncnc(Nc4ccc(F)c(Cl)c4)c23)C1)CCOC"
"Row3097","CHEMBL3655342","IC50",1,"nM",9,"CN(C)C(=O)N1CCN(C/C=C/C(=O)N2CCc3c(sc4ncnc(Nc5ccc(F)c(Cl)c5)c34)C2)CC1"
"Row3099","CHEMBL3655344","IC50",1.4,"nM",8.85,"CC(C)N(C)C/C=C/C(=O)N1Cc2sc3ncnc(Nc4ccc(Cl)c(Cl)c4)c3c2C1"
"Row3102","CHEMBL3655347","IC50",1,"nM",9,"CC(C)N(C)C/C=C/C(=O)N1CCc2c(oc3ncnc(Nc4ccc(F)c(Cl)c4)c23)C1"
"Row3104","CHEMBL3655349","IC50",1,"nM",9,"O=C(/C=C/CNC12CC3CC(CC(C3)C1)C2)N1CCc2c(sc3ncnc(Nc4ccc(Cl)c(Cl)c4)c23)C1"
"Row3105","CHEMBL3655350","IC50",1,"nM",9,"CC(C)C(C)C/C=C/C(=O)N1CCc2c(sc3ncnc(Nc4cc(O)cc(Cl)c4)c23)C1"
"Row3106","CHEMBL3655351","IC50",1,"nM",9,"CN(C/C=C/C(=O)N1CCc2c(sc3ncnc(Nc4cc(O)c(Cl)c(Cl)c4)c23)C1)C(C)(C)C"
"Row3107","CHEMBL3655352","IC50",1,"nM",9,"O=C(/C=C/CN1CCCOCC1)N1CCCc2c(sc3ncnc(Nc4ccc(Cl)c(Cl)c4)c23)C1"
"Row3112","CHEMBL366580","IC50",0.34,"nM",9.47,"Brc1cccc(Nc2ncnc3cc4c[nH]nc4cc23)c1"
"Row3115","CHEMBL3671475","IC50",3,"nM",8.52,"C=CC(=O)Nc1cc2c(Nc3ccc(Br)cc3F)ncnc2cc1OCC1CCN(C(C)=O)CC1"
"Row3119","CHEMBL3671479","IC50",3,"nM",8.52,"C=CC(=O)Nc1cc2c(Nc3ccc(Br)cc3F)ncnc2cc1OCC1CCN(C(=O)C=C)CC1"
"Row3126","CHEMBL3671486","IC50",2,"nM",8.7,"C=CC(=O)Nc1cc2c(Nc3ccc(Br)cc3F)ncnc2cc1OCCCNC(=O)CN(C)C"
"Row3130","CHEMBL3671490","IC50",3,"nM",8.52,"C=CC(=O)Nc1cc2c(Nc3ccc(Br)cc3F)ncnc2cc1OCCCNC"
"Row3131","CHEMBL3671491","IC50",2,"nM",8.7,"C=CC(=O)Nc1cc2c(Nc3ccc(Br)cc3F)ncnc2cc1OCCNC(C)=O"
"Row3136","CHEMBL3671496","IC50",2,"nM",8.7,"C=CC(=O)Nc1cc2c(Nc3ccc(Br)cc3F)ncnc2cc1OCCNC(=O)NCC"
"Row3138","CHEMBL3671498","IC50",2,"nM",8.7,"C=CC(=O)Nc1cc2c(Nc3ccc(Br)cc3F)ncnc2cc1OCCNC(=O)CN(C)C"
"Row3140","CHEMBL3671500","IC50",3,"nM",8.52,"C=CC(=O)Nc1cc2c(Nc3ccc(Br)cc3F)ncnc2cc1OCCNCC(C)=O"
"Row3226","CHEMBL36727","IC50",0.8,"nM",9.1,"Cn1ccc2cc3c(Nc4cccc(Br)c4)ncnc3cc21"
"Row3320","CHEMBL373207","IC50",3.1,"nM",8.51,"CCN(CC)CC#CC(=O)Nc1ccc2ncnc(Nc3ccc(F)c(Cl)c3)c2c1"
"Row3349","CHEMBL3741490","IC50",1,"nM",9,"C#Cc1cccc(Nc2ncnc3cc(OCCO)c(OCCOC)cc23)c1"
"Row3403","CHEMBL3758278","IC50",2,"nM",8.7,"COc1cc(C(N)=O)ccc1-c1cc2c(N[C@H](C)c3ccccc3)ncnc2s1"
"Row3404","CHEMBL3758351","IC50",2,"nM",8.7,"COc1cc(CO)ccc1-c1cc2c(Nc3ccc(F)c(Cl)c3)ncnc2s1"
"Row3405","CHEMBL3758376","IC50",2,"nM",8.7,"CN(C)CCNC(=O)c1ccc(-c2cc3c(N[C@H](CO)c4ccccc4)ncnc3s2)cc1"
"Row3407","CHEMBL3758582","IC50",0.5,"nM",9.3,"COc1ccc(C(=O)NCCN(C)C)cc1-c1cc2c(N[C@H](C)c3ccccc3)ncnc2s1"
"Row3414","CHEMBL3758770","IC50",0.5,"nM",9.3,"COc1cc(C(=O)NCCN(C)C)ccc1-c1cc2c(N[C@H](C)c3ccccc3)ncnc2s1"
"Row3415","CHEMBL3758800","IC50",2,"nM",8.7,"C[C@@H](Nc1ncnc2sc(-c3ccc(C(=O)NCCN(C)C)cc3)cc12)c1ccccc1"
"Row3430","CHEMBL3759199","IC50",0.9,"nM",9.05,"COc1cccc(OC)c1-c1cc2c(N[C@H](CO)c3ccccc3)ncnc2s1"
"Row3434","CHEMBL3759317","IC50",0.4,"nM",9.4,"COc1cc(C(=O)NCCN(C)C)cc(OC)c1-c1cc2c(N[C@H](C)c3ccccc3)ncnc2s1"
"Row3436","CHEMBL3759359","IC50",1.5,"nM",8.82,"COc1c(CO)cccc1-c1cc2c(N[C@H](C)c3ccccc3)ncnc2s1"
"Row3437","CHEMBL3759369","IC50",0.9,"nM",9.05,"C[C@@H](Nc1ncnc2sc(-c3cccc(C(=O)NCCN(C)C)c3)cc12)c1ccccc1"
"Row3440","CHEMBL3759480","IC50",1.5,"nM",8.82,"COc1cc(C(N)=O)ccc1-c1cc2c(N[C@H](CO)c3ccccc3)ncnc2s1"
"Row3442","CHEMBL3759725","IC50",3,"nM",8.52,"COc1c(C(=O)NCCN(C)C)cccc1-c1cc2c(N[C@H](C)c3ccccc3)ncnc2s1"
"Row3451","CHEMBL3759961","IC50",2,"nM",8.7,"COc1cccc(OC)c1-c1cc2c(N[C@H](C)c3ccccc3)ncnc2s1"
"Row3454","CHEMBL3759986","IC50",3,"nM",8.52,"OCc1cccc(-c2cc3c(N[C@H](CO)c4ccccc4)ncnc3s2)c1"
"Row3457","CHEMBL3760082","IC50",3,"nM",8.52,"COc1ccc(C=O)cc1-c1cc2c(N[C@H](C)c3ccccc3)ncnc2s1"
"Row3486","CHEMBL378144","IC50",0.6,"nM",9.22,"C#CC(=O)Nc1cc2c(Nc3cccc(Br)c3)ncnc2cn1"
"Row3540","CHEMBL3813728","IC50",2.26,"nM",8.65,"Fc1cccc(COc2ccc(Nc3ncnc4ccc(NC(=S)NCCN5CCOCC5)cc34)cc2Cl)c1"
"Row3543","CHEMBL3814211","IC50",0.854,"nM",9.07,"NC(=O)Nc1ccc2ncnc(Nc3ccc(F)c(Cl)c3)c2c1"
"Row3544","CHEMBL3814257","IC50",0.662,"nM",9.18,"CC(=O)Nc1ccc2ncnc(Nc3ccc(F)c(Cl)c3)c2c1"
"Row3545","CHEMBL3814320","IC50",1.43,"nM",8.85,"O=C(NCCN1CCOCC1)Nc1ccc2ncnc(Nc3cccc(Br)c3)c2c1"
"Row3546","CHEMBL3814445","IC50",2.25,"nM",8.65,"Fc1ccc(Nc2ncnc3ccc(NC(=S)NCCN4CCOCC4)cc23)cc1Cl"
"Row3547","CHEMBL3814447","IC50",2.22,"nM",8.65,"C#Cc1cccc(Nc2ncnc3ccc(NC(N)=O)cc23)c1"
"Row3550","CHEMBL3814812","IC50",1.5,"nM",8.82,"Fc1cccc(COc2ccc(Nc3ncnc4ccc(NC(=S)NCCCN5CCOCC5)cc34)cc2Cl)c1"
"Row3552","CHEMBL3814882","IC50",0.772,"nM",9.11,"O=C(NCCN1CCCCC1)Nc1ccc2ncnc(Nc3cccc(Br)c3)c2c1"
"Row3553","CHEMBL3814956","IC50",1.06,"nM",8.97,"O=C(NCCN1CCCCC1)Nc1ccc2ncnc(Nc3ccc(F)c(Cl)c3)c2c1"
"Row3554","CHEMBL3814959","IC50",0.803,"nM",9.1,"NC(=O)Nc1ccc2ncnc(Nc3ccc(Br)cc3)c2c1"
"Row3555","CHEMBL3815074","IC50",2.04,"nM",8.69,"C#Cc1cccc(Nc2ncnc3ccc(NC(C)=O)cc23)c1"
"Row3557","CHEMBL3815161","IC50",2.92,"nM",8.54,"O=C(NCCN1CCOCC1)Nc1ccc2ncnc(Nc3ccc(F)c(Cl)c3)c2c1"
"Row3558","CHEMBL3815163","IC50",1.81,"nM",8.74,"S=C(NCCN1CCOCC1)Nc1ccc2ncnc(Nc3cccc(Br)c3)c2c1"
"Row3564","CHEMBL382073","IC50",1.8,"nM",8.74,"CCN(CC)CCC#CC(=O)Nc1ccc2ncnc(Nc3ccc(F)c(Cl)c3)c2c1"
"Row3574","CHEMBL3828269","IC50",2.97,"nM",8.53,"Cn1cc(-c2ccc3ncnc(Nc4ccc(F)c(Cl)c4)c3c2)cn1"
"Row3603","CHEMBL387265","IC50",2,"nM",8.7,"COc1cc2ncnc(Nc3cccc(Cl)c3F)c2cc1OC1CCN(S(C)(=O)=O)CC1"
"Row3608","CHEMBL3890068","IC50",0.63,"nM",9.2,"C=CC(=O)Nc1ccccc1C1CCNc2c(C(N)=O)c(-c3ccc(OCCOC)cc3)nn21"
"Row3613","CHEMBL3891846","IC50",0.6,"nM",9.22,"C[C@@H](Nc1ncnc2oc(-c3ccc(NCCN4CCCCC4)cc3)cc12)c1ccccc1"
"Row3614","CHEMBL3892310","IC50",0.13,"nM",9.89,"CN(C)C/C=C/C(=O)Nc1cc2c(Nc3ccc(F)c(Cl)c3)ncnc2cc1OCC1C2COCC21"
"Row3625","CHEMBL3895468","IC50",0.37,"nM",9.43,"CN(C)C/C=C/C(=O)Nc1cc2c(Nc3ccc(F)c(Cl)c3)ncnc2cc1OCC12COCC1C2"
"Row3632","CHEMBL3897911","IC50",3.1,"nM",8.51,"C=CC(=O)N(C)c1ccccc1C1CCNc2c(C(N)=O)c(-c3ccc(Oc4ccccc4)cc3)nn21"
"Row3638","CHEMBL3901296","IC50",0.51,"nM",9.29,"CN(C)C/C=C/C(=O)Nc1cc2c(Nc3ccc(F)c(Cl)c3)ncnc2cc1OC[C@@]12COC[C@@H]1C2"
"Row3639","CHEMBL3901622","IC50",0.4,"nM",9.4,"C[C@@H](Nc1ncnc2oc(-c3ccc(NCCN(C)C)cc3)cc12)c1ccccc1"
"Row3650","CHEMBL3904488","IC50",0.79,"nM",9.1,"C=CC(=O)Nc1ccccc1C1CCNc2c(C(N)=O)c(-c3ccc(OC4CCCC4)cc3)nn21"
"Row3662","CHEMBL3906546","IC50",0.46,"nM",9.34,"C=CC(=O)Nc1ccccc1C1CCNc2c(C(N)=O)c(-c3ccc(OC(F)(F)F)cc3)nn21"
"Row3668","CHEMBL3908905","IC50",1.2,"nM",8.92,"C=CC(=O)Nc1ccccc1C1CCNc2c(C(N)=O)c(-c3ccc(F)cc3)nn21"
"Row3672","CHEMBL3910496","IC50",2.298,"nM",8.64,"C=CC(=O)N1CCC[C@H]1Cn1nc(-c2ccc(Oc3ccccc3)cc2)c2c(N)ncnc21"
"Row3673","CHEMBL3910697","IC50",0.18,"nM",9.74,"C=CC(=O)Nc1ccccc1C1CCNc2c(C(N)=O)c(-c3ccc(Cl)cc3)nn21"
"Row3696","CHEMBL3917026","IC50",0.3,"nM",9.52,"C=CC(=O)Nc1ccccc1C1CCNc2c(C(N)=O)c(-c3ccc(OCC4CC4)cc3)nn21"
"Row3707","CHEMBL3919609","IC50",1.5,"nM",8.82,"C[C@@H](Nc1ncnc2oc(-c3ccc(O)cc3)cc12)c1ccccc1"
"Row3709","CHEMBL3920583","IC50",0.65,"nM",9.19,"O=C(CCCCCn1cc(-c2ccc3ncnc(Nc4ccc(F)c(Cl)c4)c3c2)nn1)NO"
"Row3724","CHEMBL3923228","IC50",3,"nM",8.52,"CCOc1cc2ncnc(Nc3ccc4c(cnn4Cc4ccccc4)c3)c2cc1NC(=O)/C=C/CN1CCCC1"
"Row3733","CHEMBL3926191","IC50",0.48,"nM",9.32,"C=CC(=O)Nc1ccccc1C1CCNc2c(C(N)=O)c(-c3ccc(OC)cc3)nn21"
"Row3739","CHEMBL3928512","IC50",2,"nM",8.7,"C[C@@H](Nc1ncnc2oc(-c3ccccc3O)cc12)c1ccccc1"
"Row3742","CHEMBL3929484","IC50",0.27,"nM",9.57,"O=C(CCCCCn1cc(-c2ccc3ncnc(Nc4cccc(Cl)c4F)c3c2)nn1)NO"
"Row3747","CHEMBL3930316","IC50",2,"nM",8.7,"CCC(=O)Nc1cc2c(Nc3ccc(F)c(Cl)c3)ncnc2cc1OC"
"Row3748","CHEMBL3930506","IC50",2,"nM",8.7,"O=C(/C=C/CN1CCCCC1)Nc1cc2c(Nc3ccc(F)c(Cl)c3)ncnc2cn1"
"Row3749","CHEMBL3930620","IC50",0.12,"nM",9.92,"O=C(CCCCCCn1cc(-c2ccc3ncnc(Nc4cccc(Cl)c4F)c3c2)nn1)NO"
"Row3754","CHEMBL39320","IC50",0.37,"nM",9.43,"Cn1ncc2cc3c(Nc4cccc(Br)c4)ncnc3cc21"
"Row3755","CHEMBL3932176","IC50",2,"nM",8.7,"CCOc1cc2ncnc(Nc3ccc4c(cnn4Cc4ccccc4)c3)c2cc1NC(=O)/C=C/CN(C)C"
"Row3759","CHEMBL39337","IC50",0.4365,"nM",9.36,"Brc1cccc(Nc2ncnc3cc4[nH]ncc4cc23)c1"
"Row3769","CHEMBL3936761","IC50",2.6,"nM",8.59,"C=CC(=O)N1CCC([C@@H]2CCNc3c(C(N)=O)c(-c4ccc(Oc5ccccc5)cc4)nn32)CC1"
"Row3790","CHEMBL3942228","IC50",2,"nM",8.7,"CCOc1cc2ncnc(Nc3ccc4c(cnn4Cc4ccccc4)c3)c2cc1NC(=O)/C=C/CN1CCCCC1"
"Row3807","CHEMBL3948065","IC50",2.2,"nM",8.66,"C=CC(=O)Nc1ccc2[nH]c3c(C(N)=O)c(-c4ccc(Oc5ccccc5)cc4)nn3c2c1"
"Row3809","CHEMBL3948267","IC50",3,"nM",8.52,"O=C(/C=C/CN1CCCC1)Nc1cc2c(Nc3ccc4c(cnn4Cc4ccccc4)c3)ncnc2cn1"
"Row3813","CHEMBL3949347","IC50",3,"nM",8.52,"CN(C)C/C=C/C(=O)Nc1cc2c(Nc3ccc4c(cnn4Cc4ccccc4)c3)ncnc2cn1"
"Row3816","CHEMBL3950549","IC50",2,"nM",8.7,"COc1cc2ncnc(Nc3ccc(F)c(Cl)c3)c2cc1NC(=O)/C=C/CN(C(C)C)C(C)C"
"Row3821","CHEMBL3952157","IC50",2.7,"nM",8.57,"COc1ccc(-c2cc3c(N[C@H](CO)c4ccccc4)ncnc3o2)cc1"
"Row3823","CHEMBL3952953","IC50",2,"nM",8.7,"COCCOc1cc2ncnc(Nc3ccc(F)c(Cl)c3)c2cc1NC(=O)/C=C/[C@@H]1CCCN1C"
"Row3825","CHEMBL3954175","IC50",0.66,"nM",9.18,"C=CC(=O)Nc1ccccc1C1CCNc2c(C(N)=O)c(-c3ccc(C(F)(F)F)cc3)nn21"
"Row3832","CHEMBL3957055","IC50",0.69,"nM",9.16,"O=C(CCCCCCn1cc(-c2ccc3ncnc(Nc4ccc(F)c(Cl)c4)c3c2)nn1)NO"
"Row3835","CHEMBL3958006","IC50",2,"nM",8.7,"O=C(/C=C/CN1CCOCC1)Nc1cc2c(Nc3ccc(F)c(Cl)c3)ncnc2cn1"
"Row3842","CHEMBL3960853","IC50",1.1,"nM",8.96,"C[C@@H](Nc1ncnc2oc(-c3ccc(NCCN4CCOCC4)cc3)cc12)c1ccccc1"
"Row3845","CHEMBL3961553","IC50",2,"nM",8.7,"OC[C@@H](Nc1ncnc2oc(-c3ccc(O)cc3)cc12)c1ccccc1"
"Row3849","CHEMBL3962233","IC50",1,"nM",9,"COc1cc2c(Nc3ccc(NC(=O)Nc4ccc(Cl)cc4)c(Cl)c3)ncnc2cc1OCCCN1CCN(C)CC1"
"Row3854","CHEMBL3964033","IC50",1.9,"nM",8.72,"O=C(CCCCCn1cc(-c2ccc3ncnc(Nc4ccc(OCc5cccc(F)c5)c(Cl)c4)c3c2)nn1)NO"
"Row3857","CHEMBL3965262","IC50",0.34,"nM",9.47,"C=CC(=O)Nc1ccccc1C1CCNc2c(C(N)=O)c(-c3ccc(C)cc3)nn21"
"Row3858","CHEMBL3965549","IC50",2.1,"nM",8.68,"C=CC(=O)N1CC(C2CCNc3c(C(N)=O)c(-c4ccc(Oc5ccccc5)cc4)nn32)C1"
"Row3863","CHEMBL3968039","IC50",1,"nM",9,"COc1cc2c(Nc3ccc(NC(=O)Nc4ccc(C)c(C)c4)c(Cl)c3)ncnc2cc1OCCCN1CCN(C)CC1"
"Row3864","CHEMBL3968417","IC50",1,"nM",9,"CN(C)C/C=C/C(=O)Nc1cc2c(Nc3ccc(F)c(Cl)c3)ncnc2cn1"
"Row3892","CHEMBL3977729","IC50",0.72,"nM",9.14,"C=CC(=O)NCC1CCNc2c(C(N)=O)c(-c3ccc(Oc4ccccc4)cc3)nn21"
"Row3958","CHEMBL405771","IC50",1.514,"nM",8.82,"O=C(O)CNc1c(Br)cccc1Nc1ncnc2ccncc12"
"Row3963","CHEMBL4060320","IC50",2.3,"nM",8.64,"NP(=O)(OCCCCCOc1ccc2ncnc(Nc3cccc(Br)c3)c2c1)N(CCCl)CCCl"
"Row3966","CHEMBL4060996","IC50",2.3,"nM",8.64,"COc1ccc(N(C)c2nc(C)nc3c(Cc4ccccc4)cn(C)c23)cc1"
"Row4006","CHEMBL4069003","IC50",3,"nM",8.52,"NP(=O)(OCCCOc1ccc2ncnc(Nc3cccc(Br)c3)c2c1)N(CCCl)CCCl"
"Row4016","CHEMBL4071474","IC50",0.5,"nM",9.3,"C=CC(=O)N1CC[C@H](N2C(=O)N(c3ccccc3Cl)Cc3cnc(Nc4ccc(N5CCN(C)CC5)c(C)c4)nc32)C1"
"Row4025","CHEMBL40734","IC50",0.39,"nM",9.41,"Brc1cccc(Nc2ncnc3cc4[nH]ccc4cc23)c1"
"Row4051","CHEMBL4078431","IC50",0.3,"nM",9.52,"COc1cc2ncnc(Nc3cccc(Br)c3)c2cc1OCCCOP(N)(=O)N(CCCl)CCCl"
"Row4063","CHEMBL4080720","IC50",0.5,"nM",9.3,"COc1cc2ncnc(Nc3ccc(F)c(Cl)c3)c2cc1OCCCOP(N)(=O)N(CCCl)CCCl"
"Row4079","CHEMBL408397","IC50",2.63,"nM",8.58,"CN(CCO)c1c(Br)cccc1Nc1ncnc2ccncc12"
"Row4080","CHEMBL408399","IC50",0.6166,"nM",9.21,"O=C(O)CCNc1c(Br)cccc1Nc1ncnc2ccncc12"
"Row4093","CHEMBL4086056","IC50",1.79,"nM",8.75,"COc1cc2c(Nc3ccc(F)c(Cl)c3)ncnc2cc1OCCCN1C[C@H](O)[C@@H](O)[C@H](O)[C@H]1CO"
"Row4149","CHEMBL4097027","IC50",3,"nM",8.52,"CNS(=O)(=O)c1cccc(Nc2cc(Nc3cccc(C)c3)ncn2)c1"
"Row4163","CHEMBL4099329","IC50",1.1,"nM",8.96,"COc1ccc(N(C)c2nc(N)nc3c(Cc4ccccc4)c[nH]c23)cc1"
"Row4165","CHEMBL4099682","IC50",2.6,"nM",8.59,"COc1ccc(Nc2nc(C)nc3c(Cc4ccccc4)cn(C)c23)cc1"
"Row4199","CHEMBL4110258","IC50",0.54,"nM",9.27,"CN(C)CC/C=C/C(=O)Nc1cc2c(Nc3ccc(F)c(Cl)c3)ncnc2cc1OC[C@]12COC[C@H]1C2"
"Row4202","CHEMBL4112924","IC50",0.4,"nM",9.4,"CO[C@@H]1COC2C1OC[C@H]2Oc1cc2ncnc(Nc3ccc(F)c(Cl)c3)c2cc1NC(=O)/C=C/CN(C)C"
"Row4210","CHEMBL415738","IC50",1,"nM",9,"Cc1cccc(Nc2cc(NCCO)ncn2)c1"
"Row4214","CHEMBL416307","IC50",3,"nM",8.52,"Cc1cccc(Nc2ncnc3cnc(NCCc4c[nH]cn4)nc23)c1"
"Row4216","CHEMBL4164805","IC50",0.2,"nM",9.7,"COc1cc(CO)ccc1-c1cc2c(N[C@H](CO)c3ccccc3)ncnc2[nH]1"
"Row4220","CHEMBL416611","IC50",1.6,"nM",8.8,"OCC(O)Cn1ccc2cc3c(Nc4cccc(Br)c4)ncnc3cc21"
"Row4226","CHEMBL4170121","IC50",0.6,"nM",9.22,"COc1cccc(OC)c1-c1cc2c(N[C@H](C)c3ccccc3)ncnc2[nH]1"
"Row4231","CHEMBL4171764","IC50",2.61,"nM",8.58,"Brc1cccc(Nc2ncnc3sc4c(c23)CCCC4)c1"
"Row4233","CHEMBL417420","IC50",2.9,"nM",8.54,"Brc1cccc(Nc2ncnc3cnc(NCCCN4CCOCC4)nc23)c1"
"Row4234","CHEMBL417478","IC50",0.16,"nM",9.8,"C=CC(=O)Nc1nc2c(Nc3ccc(F)c(Cl)c3)ncnc2cc1/C=C/CCN1CCOCC1"
"Row4235","CHEMBL4175024","IC50",0.2,"nM",9.7,"OCc1ccc(-c2cc3c(N[C@H](CO)c4ccccc4)ncnc3[nH]2)cc1"
"Row4242","CHEMBL418909","IC50",2,"nM",8.7,"CC(=O)NCCNCc1ccc(-c2cc3nccc(Nc4ccc5[nH]ccc5c4)c3s2)cc1"
"Row4243","CHEMBL418967","IC50",0.17,"nM",9.77,"CCCOc1cc2ncnc(Nc3cccc(Br)c3)c2cc1OCCC"
"Row4257","CHEMBL420624","IC50",0.1,"nM",10,"Nc1ccc2c(Nc3cccc(Br)c3)ncnc2c1"
"Row4261","CHEMBL4207750","IC50",2.4,"nM",8.62,"CCS(=O)(=O)Nc1cc(-c2ccc3ncnc(Nc4ccc(F)c(Cl)c4)c3c2)cnc1OC"
"Row4273","CHEMBL4211949","IC50",1.3,"nM",8.89,"C=CC(=O)N[C@@H]1Cn2c(c(-c3ccc(Oc4ccccc4)cc3)c3c(N)ncnc32)C1=C"
"Row4289","CHEMBL422292","IC50",1.5,"nM",8.82,"CCOC(=O)/C=C/C(=O)Nc1cc2c(Nc3cccc(Br)c3)ncnc2cn1"
"Row4313","CHEMBL4245415","IC50",3.1,"nM",8.51,"Cc1coc2ncnc(N(C)c3ccc(N(C)C)cc3)c12"
"Row4331","CHEMBL426580","IC50",0.29,"nM",9.54,"Cc1nc2cc3c(Nc4cccc(Br)c4)ncnc3cc2[nH]1"
"Row4338","CHEMBL427832","IC50",1.202,"nM",8.92,"OCCN(CCO)CCCNc1c(Br)cccc1Nc1ncnc2ccncc12"
"Row4402","CHEMBL431977","IC50",1,"nM",9,"NC(=O)C1CCN(Cc2ccc(-c3cc4nccc(Nc5ccc6[nH]ccc6c5)c4s3)cc2)CC1"
"Row4416","CHEMBL434827","IC50",0.73,"nM",9.14,"CCN(CC)CCCNC(=O)/C=C/C(=O)Nc1cc2c(Nc3cccc(Br)c3)ncnc2cn1"
"Row4429","CHEMBL437469","Kd",0.94,"nM",9.03,"CC[C@H](NC(=O)[C@H](CC(C)C)NC(=O)[C@@H](NC(=O)[C@H](CCCCN)NC(=O)[C@H](Cc1cnc[nH]1)NC(=O)[C@H](Cc1ccc(C)cc1)NC(=O)[C@H](CCCCNC(=N)N)NC(=O)[C@H](C)NC(=O)[C@@H](NC(=O)[C@H](Cc1ccc(Cl)cc1)NC(=O)[C@@H](NC(=O)[C@H](C)NC(=O)[C@H](CC(=O)O)NC(=O)[C@@H](CCCNC(=N)N)NC(=O)[C@H](Cc1ccc(O)cc1)NC(=O)Cc1ccccc1)[C@@H](C)CC)[C@@H](C)O)C(C)C)C(=O)N[C@@H](CCC(N)=O)C(=O)N[C@@H](CC(C)C)C(=O)N[C@@H](CO)C(=O)N[C@@H](C)C(=O)N[C@@H](Cc1cnc[nH]1)C(=O)N[C@@H](CCCCN)C(=O)N[C@@H](CC(C)C)C(=O)N[C@@H](CC(C)C)C(=O)N[C@@H](CCC(N)=O)C(=O)N[C@@H](CC(=O)O)C(=O)N[C@H](C(=O)N[C@H](C(=O)N[C@H](CCCNC(=N)N)C(=O)N[C@@H](CCCCNC(=N)N)C(N)=O)[C@@H](C)CC)[C@@H](C)CC"
"Row4431","CHEMBL437879","IC50",0.208,"nM",9.68,"COc1cc2ncnc(Nc3cc(Cl)c(Cl)cc3F)c2cc1OC"
"Row4433","CHEMBL437890","IC50",1.1,"nM",8.96,"CN1CCN(CCC#CC(=O)Nc2cc3c(Nc4ccc(F)c(Br)c4)ncnc3cn2)CC1"
"Row4453","CHEMBL443523","IC50",0.2512,"nM",9.6,"C=CC(=O)Nc1ccc2c(Nc3cccc(Br)c3)ncnc2c1"
"Row4459","CHEMBL4436563","IC50",1,"nM",9,"C=CC(=O)Nc1cccc(-c2c(N)ncnc2Nc2ccc(Oc3ccccc3)cc2)c1"
"Row4469","CHEMBL4439974","IC50",0.52,"nM",9.28,"CCOc1cc2ncnc(Nc3ccc(F)c(Cl)c3)c2cc1NC(=O)COC(C)=O"
"Row4470","CHEMBL4439982","IC50",0.22,"nM",9.66,"C[N+](C)(C/C=C/C(=O)Nc1ccc2ncnc(Nc3cccc(Br)c3)c2c1)Cc1ccc([N+](=O)[O-])cc1"
"Row4473","CHEMBL4440586","Kd",1.8,"nM",8.74,"C#Cc1cccc(Nc2c(C#N)cnc3cc(OC)c(OC)cc23)c1"
"Row4474","CHEMBL4440618","IC50",0.87,"nM",9.06,"CCOc1cc2ncnc(Nc3ccc(F)c(Cl)c3)c2cc1OC(=O)CCl"
"Row4481","CHEMBL4442491","Kd",3,"nM",8.52,"COc1cc2ncnc(Nc3ccc(F)c(Cl)c3)c2cc1OCCCN1CCN(CCC(=O)NCCCCCCCCOc2cccc3c2C(=O)N(C2CCC(=O)N(C)C2=O)C3=O)CC1"
"Row4484","CHEMBL4443188","IC50",2.73,"nM",8.56,"COC[C@H](C)Oc1cc2ncnc(Nc3ccc(F)c(Cl)c3)c2cc1NC(=O)/C=C/CN(C)C"
"Row4502","CHEMBL4448162","IC50",1,"nM",9,"COc1cc2ncnc(Nc3ccc(Cl)c(Cl)c3)c2cc1OCCCN1CCOCC1"
"Row4507","CHEMBL4449681","IC50",0.34,"nM",9.47,"CCOc1cc2ncnc(Nc3ccc(F)c(Cl)c3)c2cc1NC(=O)CO"
"Row4508","CHEMBL4450824","IC50",1.54,"nM",8.81,"CC(C)OCCOc1cc2ncnc(Nc3ccc(F)c(Cl)c3)c2cc1NC(=O)/C=C/CN(C)C"
"Row4525","CHEMBL4458843","IC50",3,"nM",8.52,"CC1CCCCN1C/C=C/C(=O)N1CCOc2cc3ncnc(Nc4ccc(F)c(Cl)c4)c3cc21"
"Row4529","CHEMBL446019","IC50",0.537,"nM",9.27,"C=CC(=O)Nc1cc2ncnc(Nc3cccc(Cl)c3)c2cn1"
"Row4530","CHEMBL4460381","IC50",2.5,"nM",8.6,"COc1cc(Nc2ncnc3cc(-c4cccs4)sc23)cc(OC)c1OC"
"Row4535","CHEMBL446250","IC50",3,"nM",8.52,"COc1ccccc1Cc1nc2ccc(-c3nn([C@H]4CC[C@H](N5CCN(CC6CC6)CC5)CC4)c4ncnc(N)c34)cc2[nH]1"
"Row4543","CHEMBL4464404","IC50",2.3,"nM",8.64,"C=CC(=O)Nc1cccc(Oc2nc(Nc3ccc(N4CCOCC4)cc3)nc3[nH]cc(-c4ccncc4)c23)c1"
"Row4549","CHEMBL4467033","Kd",1.3,"nM",8.89,"COc1cc2ncnc(Nc3ccc(OCc4cccc(F)c4)c(Cl)c3)c2cc1OC"
"Row4563","CHEMBL4471491","IC50",0.69,"nM",9.16,"COc1cc2c(Nc3ccc(Cl)c(Cl)c3F)ncnc2cc1OCCOCCNC(=O)Cn1cnc([N+](=O)[O-])n1"
"Row4564","CHEMBL447223","IC50",0.7586,"nM",9.12,"C=CC(=O)Nc1ccc2ncnc(Cc3ccc(F)c(Cl)c3)c2c1"
"Row4566","CHEMBL4473277","IC50",0.22,"nM",9.66,"Cn1cc([N+](=O)[O-])nc1C[N+](C)(C)C/C=C/C(=O)Nc1ccc2ncnc(Nc3cccc(Br)c3)c2c1"
"Row4567","CHEMBL447331","IC50",0.4365,"nM",9.36,"Brc1cccc(Nc2ncnc3cc4c(cc23)CN4)c1"
"Row4571","CHEMBL4473875","IC50",0.69,"nM",9.16,"CCOCCOc1cc2ncnc(Nc3ccc(F)c(Cl)c3)c2cc1NC(=O)/C=C/CN(C)C"
"Row4573","CHEMBL4474073","IC50",0.76,"nM",9.12,"COCCCOc1cc2ncnc(Nc3ccc(F)c(Cl)c3)c2cc1NC(=O)/C=C/CN(C)C"
"Row4579","CHEMBL447850","IC50",0.4467,"nM",9.35,"O=C(/C=C/CC(=O)Nc1ccc2ncnc(Nc3cccc(Br)c3)c2c1)Nc1ccc2c(Nc3cccc(Br)c3)ncnc2c1"
"Row4592","CHEMBL4513286","Kd",2.1,"nM",8.68,"CC(=O)SCC(CSC(C)=O)C(=O)Nc1cc2c(Nc3ccc(OCc4cccc(F)c4)c(Cl)c3)c(C#N)cnc2cc1OC[C@H](O)CO"
"Row4598","CHEMBL4516232","IC50",0.22,"nM",9.66,"Cn1ncc([N+](=O)[O-])c1C[N+](C)(C)C/C=C/C(=O)Nc1ccc2ncnc(Nc3cccc(Br)c3)c2c1"
"Row4601","CHEMBL4517633","Kd",0.7,"nM",9.15,"N#Cc1cnc2cc(OC[C@@H](O)CO)c(NC(=O)C3CSSC3)cc2c1Nc1ccc(OCc2cccc(F)c2)c(Cl)c1"
"Row4614","CHEMBL4526992","IC50",0.62,"nM",9.21,"CCOc1cc2ncnc(Nc3ccc(F)c(Cl)c3)c2cc1OC(=O)CSc1ncc[nH]1"
"Row4615","CHEMBL4527121","IC50",0.22,"nM",9.66,"C[N+](C)(C/C=C/C(=O)Nc1ccc2ncnc(Nc3cccc(Br)c3)c2c1)Cc1ccccc1[N+](=O)[O-]"
"Row4628","CHEMBL4530170","IC50",0.53,"nM",9.28,"CCOc1cc2ncnc(Nc3ccc(F)c(Cl)c3)c2cc1OC(=O)CSc1nnnn1C"
"Row4635","CHEMBL453378","IC50",1.514,"nM",8.82,"CCOC(=O)/C=C/C(=O)Cc1cc2c(Nc3cccc(Br)c3)ncnc2cn1"
"Row4648","CHEMBL4540138","IC50",0.22,"nM",9.66,"Cn1c(C[N+](C)(C)C/C=C/C(=O)Nc2ccc3ncnc(Nc4cccc(Br)c4)c3c2)ccc1[N+](=O)[O-]"
"Row4649","CHEMBL4540303","IC50",0.37,"nM",9.43,"COc1cc2c(Nc3ccc(C)c(Br)c3)ncnc2cc1OCCOCCNC(=O)Cn1cnc([N+](=O)[O-])n1"
"Row4652","CHEMBL454370","IC50",1.096,"nM",8.96,"C=C/C=C/C(=O)Cc1cc2c(Nc3cccc(Br)c3)ncnc2cn1"
"Row4653","CHEMBL454371","IC50",1.585,"nM",8.8,"C=C=CC(=O)Cc1ccc2ncnc(Nc3cccc(Br)c3)c2c1"
"Row4654","CHEMBL454383","IC50",0.7079,"nM",9.15,"C=CC(=O)Nc1ccc2ncnc(Cc3cccc(Br)c3)c2c1"
"Row4655","CHEMBL454384","IC50",2.692,"nM",8.57,"CCOC(=O)/C=C/C(=O)Cc1ccc2ncnc(Nc3cccc(Br)c3)c2c1"
"Row4657","CHEMBL4544574","Kd",1.8,"nM",8.74,"COc1cc2ncnc(Nc3ccc(F)c(Cl)c3)c2cc1OCCCN1CCN(CCC(=O)NCCCCCCCCOc2cccc3c2C(=O)N(C2CCC(=O)NC2=O)C3=O)CC1"
"Row4660","CHEMBL4547332","IC50",2,"nM",8.7,"C=CC(=O)Nc1cc2c(Nc3ccc(Br)cc3F)ncnc2cc1OCCCC(=O)CN(C)C"
"Row4668","CHEMBL455174","IC50",1.202,"nM",8.92,"CC(=O)/C=C/C(=O)Cc1ccc2ncnc(Nc3cccc(Br)c3)c2c1"
"Row4686","CHEMBL4560187","IC50",3.11,"nM",8.51,"COc1cc2c(Nc3cccc(F)c3)ncnc2cc1OCCOCCNC(=O)Cn1cnc([N+](=O)[O-])n1"
"Row4688","CHEMBL4560430","IC50",0.22,"nM",9.66,"Cn1cnc([N+](=O)[O-])c1C[N+](C)(C)C/C=C/C(=O)Nc1ccc2ncnc(Nc3cccc(Br)c3)c2c1"
"Row4691","CHEMBL4561606","IC50",3,"nM",8.52,"O=C(/C=C/CN1CCCC1)N1CCOc2cc3ncnc(Nc4ccc(F)c(Cl)c4)c3cc21"
"Row4692","CHEMBL4562352","IC50",0.6,"nM",9.22,"CCOc1cc2ncnc(Nc3ccc(F)c(Cl)c3)c2cc1OC(=O)CSc1cccnc1"
"Row4711","CHEMBL4577883","IC50",0.94,"nM",9.03,"COC[C@@H](C)Oc1cc2ncnc(Nc3ccc(F)c(Cl)c3)c2cc1NC(=O)/C=C/CN(C)C"
"Row4731","CHEMBL4591886","IC50",1.48,"nM",8.83,"CCOCCOc1cc2ncnc(Nc3ccc(F)c(Cl)c3)c2cc1NC(=O)/C=C/CN(CC)CC"
"Row4732","CHEMBL4592101","IC50",2.84,"nM",8.55,"CCCOCCOc1cc2ncnc(Nc3ccc(F)c(Cl)c3)c2cc1NC(=O)/C=C/CN(C)C"
"Row4736","CHEMBL460721","IC50",0.7244,"nM",9.14,"CCN(CC)CCCNC(=O)/C=C/C(=O)Cc1cc2c(Nc3cccc(Br)c3)ncnc2cn1"
"Row4737","CHEMBL460722","IC50",0.8128,"nM",9.09,"O=C(/C=C/C(=O)NCCCN1CCOCC1)Cc1cc2c(Nc3cccc(Br)c3)ncnc2cn1"
"Row4738","CHEMBL460723","IC50",0.5623,"nM",9.25,"O=C(/C=C/C(=O)NCCCn1ccnc1)Cc1cc2c(Nc3cccc(Br)c3)ncnc2cn1"
"Row4741","CHEMBL460735","IC50",1.585,"nM",8.8,"C=CC(=O)NC1=CC=C2N=CN=C(Nc3cccc(Cl)c3)C21"
"Row4743","CHEMBL460743","IC50",1.096,"nM",8.96,"CN(C)CCCNC(=O)/C=C/C(=O)Cc1cc2c(Nc3cccc(Br)c3)ncnc2cn1"
"Row4745","CHEMBL460894","IC50",1.445,"nM",8.84,"CC(C(=O)/C=C/C(=O)NCCCN(C)C)c1cc2c(Nc3cccc(Br)c3)ncnc2cn1"
"Row4756","CHEMBL461796","IC50",2.399,"nM",8.62,"CN(C)CCCOC(=O)/C=C/C(=O)Cc1ccc2ncnc(Nc3cccc(Br)c3)c2c1"
"Row4757","CHEMBL461797","IC50",0.4365,"nM",9.36,"CN(C)CCCNC(=O)/C=C/C(=O)Cc1ccc2ncnc(Nc3cccc(Br)c3)c2c1"
"Row4770","CHEMBL4637274","IC50",2.4,"nM",8.62,"C#Cc1cccc(Nc2cccc3cc(OC)c(OCCCCCCC(=O)NO)cc23)c1"
"Row4779","CHEMBL4642574","IC50",2,"nM",8.7,"N#Cc1cnc2cc(OC[C@H](O)CO)c(NC(=O)CC3CSSC3)cc2c1Nc1ccc(OCc2cccc(F)c2)c(Cl)c1"
"Row4784","CHEMBL4646030","IC50",2.4,"nM",8.62,"N#Cc1cnc2cc(OC[C@@H](O)CO)c(NC(=O)CC3CSSC3)cc2c1Nc1ccc(OCc2cccc(F)c2)c(Cl)c1"
"Row4828","CHEMBL473428","IC50",3,"nM",8.52,"OCc1ccc(-c2cc3ncnc(Nc4ccc(OCc5cccc(F)c5)c(Cl)c4)c3s2)o1"
"Row4829","CHEMBL473429","IC50",3,"nM",8.52,"N#CCNCc1ccc(-c2cc3ncnc(Nc4ccc(OCc5cccc(F)c5)c(Cl)c4)c3s2)o1"
"Row4838","CHEMBL473944","IC50",3.02,"nM",8.52,"C=CC(=O)Nc1cc2c(Cc3cccc(Br)c3)ncnc2cc1OCCCn1ccnc1"
"Row4841","CHEMBL4740295","IC50",0.8,"nM",9.1,"CS(=O)(=O)c1ccc(-c2cc3c(N[C@H](CO)c4ccccc4)ncnc3[nH]2)cc1"
"Row4842","CHEMBL4740573","IC50",0.3,"nM",9.52,"COc1cc(NS(C)(=O)=O)ccc1-c1cc2c(N[C@H](CO)c3ccccc3)ncnc2[nH]1"
"Row4844","CHEMBL474141","IC50",0.7244,"nM",9.14,"C=CC(=O)NC1=NC=C2N=CN=C(Nc3ccc(F)c(Br)c3)C21"
"Row4845","CHEMBL474142","IC50",1.096,"nM",8.96,"C=CC(=O)Nc1cc2ncnc(Nc3cccc(Br)c3)c2[nH]1"
"Row4846","CHEMBL474143","IC50",1.202,"nM",8.92,"C=CC(=O)Nc1cc2ncnc(Nc3ccc(F)c(Br)c3)c2[nH]1"
"Row4847","CHEMBL474147","IC50",0.4169,"nM",9.38,"C=CC(=O)NC1=CC=C2N=CN=C(Nc3cccc(C)c3)C21"
"Row4849","CHEMBL4741922","IC50",0.6,"nM",9.22,"C[C@@H](Nc1ncnc2[nH]c(-c3ccncc3)cc12)c1ccccc1"
"Row4850","CHEMBL4742081","IC50",0.1,"nM",10,"COc1cc(CNCCN2CCNCC2)ccc1-c1cc2c(N[C@H](CO)c3ccccc3)ncnc2[nH]1"
"Row4853","CHEMBL4743220","IC50",2.49,"nM",8.6,"Fc1c(Br)cccc1Nc1ncnc2cc3c(cc12)OCCO3"
"Row4857","CHEMBL474342","IC50",0.912,"nM",9.04,"C=CC(=O)NC1=CC=C2N=CN=C(Nc3cccc(C(F)(F)F)c3)C21"
"Row4861","CHEMBL4743998","IC50",0.3,"nM",9.52,"C[C@@H](Nc1ncnc2[nH]c(-c3ccc(NS(C)(=O)=O)cc3)cc12)c1ccccc1"
"Row4863","CHEMBL474431","IC50",3,"nM",8.52,"CS(=O)(=O)CCNCc1cc(-c2cc3ncnc(Nc4ccc(OCc5cccc(F)c5)c(Cl)c4)c3s2)cs1"
"Row4866","CHEMBL4744798","IC50",0.7,"nM",9.15,"CC(=O)Nc1ccc(-c2cc3c(N[C@H](C)c4ccccc4)ncnc3[nH]2)cc1"
"Row4876","CHEMBL4746697","IC50",0.8,"nM",9.1,"C[C@@H](Nc1ncnc2[nH]c(-c3ccccc3OC(F)F)cc12)c1ccccc1"
"Row4877","CHEMBL4746770","IC50",0.6,"nM",9.22,"CC(C)Oc1ccccc1-c1cc2c(N[C@H](C)c3ccccc3)ncnc2[nH]1"
"Row4881","CHEMBL4748149","IC50",1.6,"nM",8.8,"OCc1cc(-c2cc3c(N[C@H](CO)c4ccccc4)ncnc3[nH]2)ccc1F"
"Row4882","CHEMBL4748320","IC50",0.3,"nM",9.52,"CN(C)CCNCc1ccc(-c2cc3c(N[C@H](CO)c4ccccc4)ncnc3[nH]2)cc1"
"Row4883","CHEMBL4748367","IC50",0.1,"nM",10,"CN(C)CCNCc1ccc(-c2cc3c(N[C@H](CO)c4ccccc4)ncnc3[nH]2)cc1F"
"Row4884","CHEMBL4749064","IC50",1.2,"nM",8.92,"CN(C)CCNCc1cc(-c2cc3c(N[C@H](CO)c4ccccc4)ncnc3[nH]2)ccc1F"
"Row4889","CHEMBL4749862","IC50",0.6,"nM",9.22,"COc1cnccc1-c1cc2c(N[C@H](CO)c3ccccc3)ncnc2[nH]1"
"Row4897","CHEMBL4751641","IC50",0.7,"nM",9.15,"C[C@@H](Nc1ncnc2[nH]c(-c3ccc(S(N)(=O)=O)cc3)cc12)c1ccccc1"
"Row4913","CHEMBL475594","IC50",2,"nM",8.7,"CN(C)Cc1ccc(-c2cc3ncnc(Nc4ccc(OCc5cccc(F)c5)c(Cl)c4)c3s2)o1"
"Row4924","CHEMBL475768","IC50",1,"nM",9,"CS(=O)(=O)CCNCc1ccc(-c2cc3ncnc(Nc4ccc(OCc5cccc(F)c5)c(Cl)c4)c3s2)o1"
"Row4927","CHEMBL4757806","IC50",0.4,"nM",9.4,"COc1cc(C(N)=O)ccc1-c1cc2c(N[C@H](C)c3ccccc3)ncnc2[nH]1"
"Row4929","CHEMBL4759003","IC50",0.1,"nM",10,"COc1cc(CNCCN(C)C)ccc1-c1cc2c(N[C@H](C)c3ccccc3)ncnc2[nH]1"
"Row4931","CHEMBL4759127","IC50",0.7,"nM",9.15,"NC(=O)Cc1cccc(-c2cc3c(N[C@H](CO)c4ccccc4)ncnc3[nH]2)c1"
"Row4935","CHEMBL4760328","IC50",0.1,"nM",10,"CCOc1ccccc1-c1cc2c(N[C@H](CCO)c3ccccc3)ncnc2[nH]1"
"Row4941","CHEMBL4763315","IC50",0.5,"nM",9.3,"CS(=O)(=O)Nc1ccc(-c2cc3c(N[C@H](CO)c4ccccc4)ncnc3[nH]2)cc1"
"Row4946","CHEMBL4764993","IC50",0.8,"nM",9.1,"COc1cc(NC(C)=O)ccc1-c1cc2c(N[C@H](CO)c3ccccc3)ncnc2[nH]1"
"Row4950","CHEMBL4776056","IC50",1.4,"nM",8.85,"C[C@@H](Nc1ncnc2[nH]c(-c3cccc(C(N)=O)c3)cc12)c1ccccc1"
"Row4952","CHEMBL4776396","IC50",0.2,"nM",9.7,"CCOc1ccccc1-c1cc2c(N[C@H](CO)c3ccccc3)ncnc2[nH]1"
"Row4954","CHEMBL4776751","IC50",0.5,"nM",9.3,"COc1cc(C(N)=O)ccc1-c1cc2c(N[C@H](CO)c3ccccc3)ncnc2[nH]1"
"Row4959","CHEMBL4778248","IC50",0.1,"nM",10,"COc1cc(CNCCN2CCCCC2)ccc1-c1cc2c(N[C@H](CO)c3ccccc3)ncnc2[nH]1"
"Row4962","CHEMBL4778894","IC50",0.7,"nM",9.15,"COc1cc(NS(C)(=O)=O)ccc1-c1cc2c(N[C@H](C)c3ccccc3)ncnc2[nH]1"
"Row4965","CHEMBL4779711","IC50",1.1,"nM",8.96,"C[C@@H](Nc1ncnc2[nH]c(-c3ccc(C(=O)O)cc3)cc12)c1ccccc1"
"Row4968","CHEMBL4780286","IC50",0.4,"nM",9.4,"OC[C@@H](Nc1ncnc2[nH]c(-c3ccccc3)cc12)c1ccccc1"
"Row4969","CHEMBL4780965","IC50",2,"nM",8.7,"OC[C@@H](Nc1ncnc2[nH]c(-c3ccncc3)cc12)c1ccccc1"
"Row4973","CHEMBL4783569","IC50",0.4,"nM",9.4,"COc1ccccc1-c1cc2c(N[C@H](CO)c3ccccc3)ncnc2[nH]1"
"Row4976","CHEMBL4784258","IC50",0.1,"nM",10,"COc1cc(CN(C)CCN(C)C)ccc1-c1cc2c(N[C@H](CO)c3ccccc3)ncnc2[nH]1"
"Row4977","CHEMBL4784777","IC50",0.4,"nM",9.4,"COc1cc(CNCCS(C)(=O)=O)ccc1-c1cc2c(N[C@H](CO)c3ccccc3)ncnc2[nH]1"
"Row4978","CHEMBL4785569","IC50",0.3,"nM",9.52,"CCOc1ccccc1-c1cc2c(N[C@H](C)c3ccccc3)ncnc2[nH]1"
"Row4981","CHEMBL4786776","IC50",0.5,"nM",9.3,"OCC[C@@H](Nc1ncnc2[nH]c(-c3ccccc3)cc12)c1ccccc1"
"Row4986","CHEMBL4787816","IC50",0.3,"nM",9.52,"COc1cc(CNCCN(C)C)ccc1-c1cc2c(N[C@H](CO)c3ccccc3)ncnc2[nH]1"
"Row4987","CHEMBL4787951","IC50",0.1,"nM",10,"COc1cc(CNCCN2CCOCC2)ccc1-c1cc2c(N[C@H](CO)c3ccccc3)ncnc2[nH]1"
"Row4988","CHEMBL4789027","IC50",0.6,"nM",9.22,"OCc1ccc(-c2cc3c(N[C@H](CO)c4ccccc4)ncnc3[nH]2)cc1F"
"Row4989","CHEMBL4789312","IC50",2.2,"nM",8.66,"OC[C@@H](Nc1ncnc2[nH]c(-c3cccnc3)cc12)c1ccccc1"
"Row4991","CHEMBL4789811","IC50",1.3,"nM",8.89,"N#Cc1ccc(F)c(C(=O)Nc2cc3c(Nc4ccc(F)c(Cl)c4)ncnc3cc2OCCCN2CCOCC2)c1"
"Row4995","CHEMBL4790655","IC50",3,"nM",8.52,"O=C(Nc1cc2c(Nc3ccc(F)c(Cl)c3)ncnc2cc1OCCCN1CCOCC1)c1ccccc1F"
"Row4996","CHEMBL4791195","IC50",0.8,"nM",9.1,"C[C@@H](Nc1ncnc2[nH]c(-c3ccc(C(N)=O)cc3)cc12)c1ccccc1"
"Row5003","CHEMBL4792426","IC50",1.9,"nM",8.72,"O=C(Nc1cc2c(Nc3ccc(F)c(Cl)c3)ncnc2cc1OCCCN1CCNCC1)c1cc([N+](=O)[O-])ccc1F"
"Row5004","CHEMBL4792577","IC50",0.5,"nM",9.3,"COC[C@@H](Nc1ncnc2[nH]c(-c3ccc(CO)cc3OC)cc12)c1ccccc1"
"Row5005","CHEMBL4793053","IC50",0.4,"nM",9.4,"[2H]C([2H])([2H])Oc1ccccc1-c1cc2c(N[C@H](CO)c3ccccc3)ncnc2[nH]1"
"Row5011","CHEMBL4794073","IC50",1.3,"nM",8.89,"COC[C@@H](Nc1ncnc2[nH]c(-c3ccccc3OC(F)F)cc12)c1ccccc1"
"Row5015","CHEMBL4795296","IC50",0.4,"nM",9.4,"C[C@@H](Nc1ncnc2[nH]c(-c3ccc(S(C)(=O)=O)cc3)cc12)c1ccccc1"
"Row5068","CHEMBL4858583","IC50",0.39,"nM",9.41,"CN(/N=N\c1ccc2ncnc(Nc3cccc(Cl)c3)c2c1)C(=O)OCCl"
"Row5105","CHEMBL4877510","IC50",1.3,"nM",8.89,"CCn1c(-c2ccccc2)c(-c2ncnc3cc(OC)c(OCCCN4CCOCC4)cc23)c2ccccc21"
"Row5116","CHEMBL489107","IC50",1.82,"nM",8.74,"C=CC(=O)Nc1cc2c(Cc3ccc(F)c(Br)c3)ncnc2cc1OCCCN1CCOCC1"
"Row5117","CHEMBL489111","IC50",1.514,"nM",8.82,"C=CC(=O)Nc1cc2c(Cc3cccc(C)c3)ncnc2cc1OCCCN1CCOCC1"
"Row5118","CHEMBL489112","IC50",0.7943,"nM",9.1,"CN1Cc2cc3c(Nc4cccc(Br)c4)ncnc3cc21"
"Row5121","CHEMBL489306","IC50",1.514,"nM",8.82,"C=CC(=O)Nc1cc2c(Cc3ccc(F)c(Cl)c3)ncnc2cc1OCCCN1CCOCC1"
"Row5127","CHEMBL489897","IC50",1.514,"nM",8.82,"C=CC(=O)Nc1nc2c(Cc3ccc(F)c(Cl)c3)ncnc2cc1OCCCN1CCOCC1"
"Row5129","CHEMBL490496","IC50",0.1585,"nM",9.8,"C=CC(=O)Nc1nc2c(Cc3ccc(F)c(Cl)c3)ncnc2cc1/C=C/CCN1CCOCC1"
"Row5130","CHEMBL490497","IC50",0.955,"nM",9.02,"C=CC(=O)Nc1nc2c(Cc3ccc(F)c(Cl)c3)ncnc2cc1OC"
"Row5131","CHEMBL490498","IC50",0.9772,"nM",9.01,"C=CC(=O)Nc1nc2c(Cc3ccc(F)c(Cl)c3)ncnc2cc1OCCOC"
"Row5141","CHEMBL491083","IC50",0.1698,"nM",9.77,"C=CC(=O)C(C)c1cc2c(Nc3cccc(Br)c3)ncnc2cn1"
"Row5142","CHEMBL491085","IC50",0.5495,"nM",9.26,"C/C=C/C(=O)Cc1ccc2ncnc(Nc3cccc(Br)c3)c2c1"
"Row5144","CHEMBL491676","IC50",0.7762,"nM",9.11,"C=CC(=O)Nc1cc2c(Cc3cccc(Br)c3)ncnc2cc1SCCCN(CC)CC"
"Row5147","CHEMBL492077","IC50",1.995,"nM",8.7,"C=CC(=O)Nc1cc2c(Cc3cccc(C)c3)ncnc2cc1OCCCN1CCC(C)CC1"
"Row5149","CHEMBL492399","IC50",2.8,"nM",8.55,"COc1ccc(N(C)c2nc(C)nc3ccccc23)cc1"
"Row5174","CHEMBL49986","IC50",0.54,"nM",9.27,"C=CC(=O)Nc1cc2ncnc(Nc3cccc(Br)c3)c2cn1"
"Row5186","CHEMBL501618","IC50",0.5012,"nM",9.3,"C/C=C/C(=O)Cc1cc2c(Nc3cccc(Br)c3)ncnc2cn1"
"Row5212","CHEMBL5069609","IC50",1.1,"nM",8.96,"C=CC(=O)Nc1cccc(-n2c(=O)c(-c3ccccc3F)nc3cnc(Nc4ccc(OCCOC)cc4)nc32)c1"
"Row5220","CHEMBL5077378","IC50",1.3,"nM",8.89,"COc1cc(N2CCC(N3CCN(C)CC3)CC2)c(-c2cn[nH]c2)cc1Nc1ncc(Cl)c(Nc2ccccc2P(C)(C)=O)n1"
"Row5224","CHEMBL507827","IC50",1.738,"nM",8.76,"O=C(/C=C/C(F)(F)F)Cc1ccc2ncnc(Nc3cccc(Br)c3)c2c1"
"Row5225","CHEMBL5078413","IC50",2.4,"nM",8.62,"CCP(=O)(CC)c1ccccc1Nc1nc(Nc2cc(-c3cnn(C)c3)c(N3CCOCC3)cc2OC)ncc1Cl"
"Row5235","CHEMBL508481","IC50",1.585,"nM",8.8,"C=C(C)C(=O)Cc1cc2c(Nc3cccc(Br)c3)ncnc2cn1"
"Row5239","CHEMBL5086066","IC50",1.7,"nM",8.77,"COc1cc(N2CCC(N(C)C)CC2)c(-c2cnn(C)c2)cc1Nc1ncc(Cl)c(Nc2ccccc2P(C)(C)=O)n1"
"Row5245","CHEMBL5087815","IC50",0.92,"nM",9.04,"COc1cc(N2CCC(N3CCN(C)CC3)CC2)c(-c2cnn(C)c2)cc1Nc1ncc(Cl)c(Nc2ccccc2P(C)(C)=O)n1"
"Row5253","CHEMBL5094480","IC50",0.9,"nM",9.05,"COc1cc(N2CCC(N(C)C)CC2)c(-c2cn[nH]c2)cc1Nc1ncc(Cl)c(Nc2ccccc2P(C)(C)=O)n1"
"Row5258","CHEMBL510396","IC50",0.3715,"nM",9.43,"O=C(O)/C=C/C(=O)Cc1ccc2ncnc(Nc3cccc(Br)c3)c2c1"
"Row5259","CHEMBL510597","IC50",2.692,"nM",8.57,"C=CC(=O)C(CCCN1CCOCC1)c1cc2c(Nc3cccc(Br)c3)ncnc2cn1"
"Row5267","CHEMBL511874","IC50",0.6761,"nM",9.17,"C/C=C/C(=O)Nc1ccc2c(Nc3cccc(Br)c3)ncnc2c1"
"Row5270","CHEMBL51228","IC50",2.3,"nM",8.64,"Brc1cccc(Nc2ncnc3cnc(NCCCn4ccnc4)nc23)c1"
"Row5290","CHEMBL516022","IC50",0.4786,"nM",9.32,"C=CC(=O)NC1=NC=C2N=CN=C(Nc3cccc(C)c3)C21"
"Row5292","CHEMBL516365","IC50",1.698,"nM",8.77,"C=CC(=O)Nc1cc2c(Cc3cccc(Br)c3)ncnc2cc1OCCCN1CCC(C)CC1"
"Row5293","CHEMBL516373","IC50",0.7762,"nM",9.11,"C=CC(=O)NC1=NC=C2N=CN=C(Nc3ccc(F)c(Cl)c3)C21"
"Row5296","CHEMBL51659","IC50",0.91,"nM",9.04,"C=CC(=O)Nc1cc2c(Nc3cccc(Br)c3)ncnc2cn1"
"Row5297","CHEMBL516979","IC50",1.66,"nM",8.78,"COC[C@H]1Oc2cc3ncnc(Nc4cccc(I)c4)c3cc2O[C@@H]1COC"
"Row5302","CHEMBL51741","IC50",0.4,"nM",9.4,"C=CC(=O)Nc1ccc2ncnc(N3CCc4ccc(Br)cc43)c2c1"
"Row5305","CHEMBL51853","IC50",0.13,"nM",9.89,"Nc1cc2c(Nc3cccc(Br)c3)ncnc2cn1"
"Row5316","CHEMBL521571","IC50",0.6918,"nM",9.16,"C=CC(=O)Nc1ccc2ncnc(Cc3ccc(F)c(Br)c3)c2c1"
"Row5317","CHEMBL521572","IC50",1.585,"nM",8.8,"OCC(O)CN1Cc2cc3c(Nc4cccc(Br)c4)ncnc3cc21"
"Row5318","CHEMBL521601","IC50",2.692,"nM",8.57,"C=CC(=O)Nc1nc2c(Cc3ccc(F)c(Cl)c3)ncnc2cc1CCCCN1CCOCC1"
"Row5322","CHEMBL522134","IC50",0.4169,"nM",9.38,"C=CC(=O)Nc1ccc2ncnc(Cc3cccc(C)c3)c2c1"
"Row5323","CHEMBL522623","IC50",0.6918,"nM",9.16,"O=C(/C=C\Cl)Cc1cc2c(Nc3cccc(Br)c3)ncnc2cn1"
"Row5325","CHEMBL522928","IC50",1.698,"nM",8.77,"C=CC(=O)Nc1cc2c(Cc3ccc(F)c(Cl)c3)ncnc2cc1OCCOCCCCO"
"Row5330","CHEMBL524115","IC50",0.912,"nM",9.04,"C=CC(=O)Cc1cc2c(Nc3cccc(Br)c3)ncnc2cn1"
"Row5331","CHEMBL524117","IC50",0.7586,"nM",9.12,"C=CC(=O)Nc1ccc2ncnc(Cc3ccc(F)c(Cl)c3)c2n1"
"Row5332","CHEMBL524132","IC50",1.202,"nM",8.92,"C=C(C)C(=O)Cc1ccc2ncnc(Nc3cccc(Br)c3)c2c1"
"Row5343","CHEMBL52765","IC50",0.78,"nM",9.11,"Nc1ccc2ncnc(Nc3cccc(Br)c3)c2c1"
"Row5347","CHEMBL52882","IC50",3.1,"nM",8.51,"CNC1=CC2N=CN(C)/C(=N\c3cccc(Br)c3)C2C=N1"
"Row5348","CHEMBL52913","IC50",0.25,"nM",9.6,"C=CC(=O)Nc1ccc2c(Nc3cccc(Cl)c3)ncnc2c1"
"Row5350","CHEMBL53062","IC50",2.6,"nM",8.59,"COc1cc2c(Nc3cccc(Br)c3)ncnc2cn1"
"Row5352","CHEMBL53156","IC50",3.1,"nM",8.51,"CNc1ccc2ncnc(Nc3cccc(Br)c3)c2n1"
"Row5354","CHEMBL53299","IC50",2.3,"nM",8.64,"COc1ccc(CNc2cc3c(Nc4cccc(Br)c4)ncnc3cn2)cc1"
"Row5355","CHEMBL53300","IC50",0.79,"nM",9.1,"Nc1ccc2ncncc2c1"
"Row5361","CHEMBL53426","IC50",0.25,"nM",9.6,"Brc1cccc(Nc2ncnc3cnc(NCCc4c[nH]cn4)nc23)c1"
"Row5362","CHEMBL53428","IC50",0.08913,"nM",10.05,"CN(C)c1cc2ncnc(Nc3cccc(Br)c3)c2cn1"
"Row5365","CHEMBL53555","IC50",0.77,"nM",9.11,"C=CC(=O)Nc1cc2c(Nc3ccc(F)c(Cl)c3)ncnc2cn1"
"Row5366","CHEMBL53637","IC50",1.6,"nM",8.8,"C=CC(=O)Nc1ccc2ncnc(Nc3cccc(Cl)c3)c2c1"
"Row5367","CHEMBL53665","IC50",1.2,"nM",8.92,"C=CC(=O)Nc1ccc2ncnc(Nc3ccc(F)c(Br)c3)c2n1"
"Row5368","CHEMBL53690","IC50",0.91,"nM",9.04,"C=CC(=O)Nc1ccc2ncnc(Nc3cccc(C(F)(F)F)c3)c2c1"
"Row5369","CHEMBL53711","IC50",0.006,"nM",11.22,"CN(C)c1cc2c(Nc3cccc(Br)c3)ncnc2cn1"
"Row5370","CHEMBL53753","IC50",0.008,"nM",11.1,"CNc1cc2c(Nc3cccc(Br)c3)ncnc2cn1"
"Row5371","CHEMBL53777","IC50",0.95,"nM",9.02,"CN(C)c1ncc2ncnc(Nc3cccc(Br)c3)c2n1"
"Row5373","CHEMBL53831","IC50",1.5,"nM",8.82,"Nc1ncc2ncnc(Nc3cccc(Br)c3)c2n1"
"Row5384","CHEMBL539822","IC50",0.47,"nM",9.33,"Nc1ccc2c(c1)sc1c(Nc3cccc(Br)c3)ncnc12"
"Row5385","CHEMBL540068","IC50",0.8,"nM",9.1,"COc1cc2ncnc(Nc3cccc(Cl)c3)c2cc1OC"
"Row5391","CHEMBL54088","IC50",0.48,"nM",9.32,"C=CC(=O)Nc1cc2c(Nc3cccc(C)c3)ncnc2cn1"
"Row5392","CHEMBL54091","IC50",0.72,"nM",9.14,"C=CC(=O)Nc1cc2c(Nc3ccc(F)c(Br)c3)ncnc2cn1"
"Row5409","CHEMBL54400","IC50",0.1288,"nM",9.89,"CNc1cc2ncnc(Nc3cccc(Br)c3)c2cn1"
"Row5423","CHEMBL545315","IC50",1.5,"nM",8.82,"C=CC(=O)Nc1cc2c(Nc3ccc(F)c(Cl)c3)ncnc2cc1OCCCN1CCOCC1"
"Row5449","CHEMBL55729","IC50",0.1,"nM",10,"Nc1ccc2cncnc2c1"
"Row5484","CHEMBL56936","IC50",2,"nM",8.7,"COc1cc2ncnc(Nc3ccc(F)c(Cl)c3)c2cc1OCCNCCN(C)C"
"Row5519","CHEMBL587723","IC50",2,"nM",8.7,"CCN1CCN(Cc2ccc(-c3cc4c(N[C@H](C)c5ccccc5)ncnc4[nH]3)cc2)CC1"
"Row5558","CHEMBL591038","IC50",3.16,"nM",8.5,"C=C=CCCCOc1cc2c(Nc3ccc(F)c(Cl)c3)ncnc2cc1O"
"Row5583","CHEMBL592216","IC50",2.53,"nM",8.6,"C#CCCCOc1cc2c(Nc3ccc(F)c(Cl)c3)ncnc2cc1OC"
"Row5593","CHEMBL592617","IC50",0.17,"nM",9.77,"N#CCC(=O)Nc1ccc2ncnc(Nc3cccc(Br)c3)c2c1"
"Row5607","CHEMBL593860","IC50",2,"nM",8.7,"COc1cc2c(Nc3ccc(-c4nc5ccccc5s4)c(OC)c3)ncnc2cc1OCCCN1CCN(C)CC1"
"Row5622","CHEMBL596754","IC50",1.99,"nM",8.7,"COc1cc2ncnc(Nc3ccc(F)c(Cl)c3)c2cc1SCCCCCCC(=O)NO"
"Row5637","CHEMBL597773","IC50",2.1,"nM",8.68,"COc1cc2ncnc(Nc3ccc(F)c(Cl)c3)c2cc1NC(=O)CCCCCCC(=O)NO"
"Row5642","CHEMBL598007","IC50",1.24,"nM",8.91,"O=C(Nc1ccc2ncnc(Nc3cccc(Br)c3)c2c1)[C@@H]1O[C@H]1CN1CCCCC1"
"Row5649","CHEMBL598377","IC50",3.1,"nM",8.51,"COc1cc2ncnc(Nc3ccc(F)c(Cl)c3)c2cc1OCCCCCCC(=O)NO"
"Row5655","CHEMBL598797","IC50",2.4,"nM",8.62,"C#Cc1cccc(Nc2ncnc3cc(OC)c(OCCCCCCC(=O)NO)cc23)c1"
"Row5658","CHEMBL599047","IC50",0.85,"nM",9.07,"O=C(Cn1sc2ccccc2c1=O)Nc1ccc2ncnc(Nc3cccc(Br)c3)c2c1"
"Row5665","CHEMBL599863","IC50",0.37,"nM",9.43,"O=C(CNC(=O)Oc1ccccc1)Nc1ccc2ncnc(Nc3cccc(Br)c3)c2c1"
"Row5679","CHEMBL603266","IC50",0.36,"nM",9.44,"O=C(Cn1sccc1=O)Nc1ccc2ncnc(Nc3cccc(Br)c3)c2c1"
"Row5701","CHEMBL607707","Kd",0.23,"nM",9.64,"CCOc1cc2ncc(C#N)c(Nc3ccc(F)c(Cl)c3)c2cc1NC(=O)/C=C/CN(C)C"
"Row5720","CHEMBL66031","IC50",0.008,"nM",11.1,"Brc1cccc(Nc2ncnc3cc4[nH]cnc4cc23)c1"
"Row5724","CHEMBL67003","IC50",1.8,"nM",8.74,"Cc1cc(C(=O)N2CCOCC2)[nH]c1/C=C1\C(=O)Nc2ncnc(Nc3ccc4c(cnn4Cc4ccccc4)c3)c21"
"Row5730","CHEMBL69358","IC50",1.2,"nM",8.92,"CCN(CC)CCNC(=O)c1cc(C)c(/C=C2\C(=O)Nc3ncnc(Nc4ccc(F)c(Cl)c4)c32)[nH]1"
"Row5757","CHEMBL76432","IC50",3,"nM",8.52,"c1ccc(-c2cc3ncnc(Nc4ccc5[nH]ccc5c4)c3s2)cc1"
"Row5762","CHEMBL76751","IC50",1,"nM",9,"c1csc(-c2cc3ncnc(Nc4ccc5[nH]ccc5c4)c3s2)c1"
"Row5799","CHEMBL7917","IC50",0.31,"nM",9.51,"COc1cc2ncnc(Nc3cccc(Cl)c3)c2cc1OC"
"Row5800","CHEMBL79206","IC50",3,"nM",8.52,"CN(CCO)Cc1ccc(-c2cc3nccc(Nc4ccc5[nH]ccc5c4)c3s2)cc1"
"Row5801","CHEMBL79215","IC50",1,"nM",9,"c1ccc(NCCN(c2cc3ncnc(Nc4ccc5[nH]ccc5c4)c3s2)n2cccc2)cc1"
"Row5812","CHEMBL80540","IC50",3,"nM",8.52,"c1cc(Nc2ccc3[nH]ccc3c2)c2sc(-c3ccc(CNCCN4CCNCC4)cc3)cc2n1"
"Row5854","CHEMBL91980","IC50",0.35,"nM",9.46,"Nc1ccc2c(Nc3cccc(I)c3)ncnc2c1"
"Row5856","CHEMBL92086","IC50",1.2,"nM",8.92,"C=C(C)C(=O)Nc1ccc2ncnc(Nc3cccc(Br)c3)c2c1"
"Row5869","CHEMBL92937","IC50",0.69,"nM",9.16,"CNc1cc2ncnc(Nc3cccc(Br)c3)c2cc1N"
"Row5872","CHEMBL93032","IC50",0.17,"nM",9.77,"Oc1cc2ncnc(Nc3cccc(Br)c3)c2cc1O"
"Row5883","CHEMBL93464","IC50",0.55,"nM",9.26,"C/C=C/C(=O)Nc1ccc2ncnc(Nc3cccc(Br)c3)c2c1"
"Row5892","CHEMBL93966","IC50",2,"nM",8.7,"Nc1ccc2c(Nc3cccc(F)c3)ncnc2c1"
"Row5894","CHEMBL94061","IC50",0.22,"nM",9.66,"CN(C)C/C=C/C(=O)Nc1ccc2ncnc(Nc3cccc(Br)c3)c2c1"
"Row5895","CHEMBL94062","IC50",2,"nM",8.7,"O=C(C#CCO)Nc1ccc2ncnc(Nc3cccc(Br)c3)c2c1"
"Row5908","CHEMBL96065","IC50",0.89,"nM",9.05,"COc1cc2ncnc(Nc3cccc(I)c3)c2cc1OC"
